Tên nhóm hàng,Tên NPP,KM GPS có hàng,Thời gian vận chuyển (giờ)
RE Sugar,CÔNG TY TNHH NESTLE VIỆT NAM,479.0993353,759.2333333333333
RE Sugar,CÔNG TY TNHH RICH PRODUCTS VIỆT NAM,460.5268475,752.6333333333333
RE Sugar,CÔNG TY TNHH NESTLE VIỆT NAM,1360.329024,2168.3333333333335
RS Sugar,CÔNG TY CỔ PHẦN VINACAFÉ BIÊN HÒA,496.8328889,2172.8166666666666
Invert Syrup,CHI NHÁNH CÔNG TY CỔ PHẦN DỊCH VỤ CÀ PHÊ CAO NGUYÊN,21.11313855,758.6666666666666
RE Sugar,CÔNG TY CỔ PHẦN ACECOOK VIỆT NAM,3916.489617,7280.15
RE Sugar,CÔNG TY TNHH MTV MASAN HG,582.1109957,685.1
RE Sugar,CÔNG TY TNHH THỰC PHẨM ORION VINA,183.1653747,1423.85
RE Sugar,CÔNG TY TNHH YAKULT VIỆT NAM,5870.449975,3231.3166666666666
RE Sugar,CÔNG TY TNHH MTV MASAN HG,754.2792057,688.0833333333334
RE Sugar,CÔNG TY AJINOMOTO VIỆT NAM,126.6671142,686.2
RE Sugar,CÔNG TY TNHH PERFETTI VAN MELLE( VIỆT NAM),106.5504034,16.083333333333332
RE Sugar,CÔNG TY TNHH NESTLE VIỆT NAM,433.9955846,685.15
RE Sugar,CÔNG TY TNHH PERFETTI VAN MELLE( VIỆT NAM),124.9279585,678.45
"Brown Sugar, RE Sugar, Juice, RS Sugar, Functional Sugar, Caramelized, Organic Sugar, Natural Rock, Coconut Cooking Cream, Sugarcane Drinking Water, Invert Syrup, Monorock, Bar Sugar","LIÊN HIỆP HỢP TÁC XÃ THƯƠNG MẠI TP.HCM, CÔNG TY TNHH MINH TUYẾT NHA TRANG, CÔNG TY CỔ PHẦN TRUNG TÂM THƯƠNG MẠI LOTTE VIỆT NAM - CHI NHÁNH NHA TRANG, CÔNG TY TNHH THƯƠNG MẠI MINH DƯỢC, CÔNG TY TNHH THƯƠNG MẠI - DỊCH VỤ ĐÔNG VÂN",381.6516362,680.3666666666667
RE Sugar,CÔNG TY TNHH RED BULL (VIỆT NAM),70.08782576,672.6666666666666
RS Sugar,CÔNG TY CỔ PHẦN MONDELEZ KINH ĐÔ VIỆT NAM,390.8496832,1425.8666666666666
RE Sugar,CÔNG TY AJINOMOTO VIỆT NAM,228.0700551,686.4333333333333
"Monorock, Brown Sugar, RE Sugar, RS Sugar, Functional Sugar, Sugarcane Drinking Water, Bar Sugar, Coconut Cooking Cream, Caramelized, Juice","DOANH NGHIỆP TƯ NHÂN HOÀNG PHÁT LONG XUYÊN, CÔNG TY TNHH MTV SẢN XUẤT THƯƠNG MẠI VÀ DỊCH VỤ HỢP DUYÊN",263.9448938,688.5333333333333
RE Sugar,CÔNG TY CỔ PHẦN MONDELEZ KINH ĐÔ VIỆT NAM,466.0840997,685.75
RS Sugar,CÔNG TY TNHH CHẾ BIẾN THỰC PHẨM & BÁNH KẸO PHẠM NGUYÊN,104.0758646,682.7666666666667
RS Sugar,CHI NHÁNH CÔNG TY TNHH DỊCH VỤ VÀ THƯƠNG MẠI MESA,124.5579746,1424.8666666666666
RE Sugar,CHI NHÁNH HÀ NỘI - CÔNG TY CỔ PHẦN PHÊ LA,9.072056152,11.683333333333334
RE Sugar,,6481.277817,3370.8333333333335
RE Sugar,,8831.126073,3370.8166666666666
RE Sugar,,9659.35578,3464.7833333333333
"Coconut Cooking Cream, Juice, Brown Sugar, Functional Sugar, Monorock, Sugarcane Drinking Water, Invert Syrup, Caramelized, RS Sugar",CÔNG TY TNHH TRƯỜNG AN PHÚ LONG,1764.849935,3360.2166666666667
RE Sugar,CÔNG TY CỔ PHẦN THỰC PHẨM CHOLIMEX,101.1018895,8.033333333333333
"RE Sugar, RS Sugar, Baking Sugar","CÔNG TY TNHH GIVAUDAN VIỆT NAM, CHI NHÁNH BÌNH DƯƠNG - CÔNG TY CỔ PHẦN DỊCH VỤ THƯƠNG MẠI TỔNG HỢP WINCOMMERCE, CÔNG TY TNHH MEGAFOOD VIỆT NAM",44.81812878,8.316666666666666
Functional Sugar,CÔNG TY TNHH THƯƠNG MẠI XUẤT NHẬP KHẨU TOMATO T&P,22.51060221,3.5
"RS Sugar, Juice, Monorock",CÔNG TY TNHH THƯƠNG MẠI NÔNG SẢN THỰC PHẨM ĐỒNG XANH,50.92249923,7.616666666666666
"Functional Sugar, Brown Sugar, RE Sugar, Monorock, Coconut Cooking Cream, Juice",CÔNG TY TNHH THƯƠNG MẠI HÙNG TÍN,78.53158776,8.05
RE Sugar,CÔNG TY TNHH THƯƠNG MẠI HÙNG TÍN,79.39600877,7.866666666666666
"Bar Sugar, Coconut Cooking Cream, Juice, Functional Sugar, Caramelized, Brown Sugar, RE Sugar, Monorock, Sugarcane Drinking Water",CÔNG TY TNHH THƯƠNG MẠI HÙNG TÍN,79.42868306,8.033333333333333
"Functional Sugar, Brown Sugar, Organic Sugar, Natural Rock, RE Sugar, RS Sugar","LIÊN HIỆP HỢP TÁC XÃ THƯƠNG MẠI TP.HCM, CÔNG TY TNHH TÂY CÁT",168.9469973,751.6666666666666
RE Sugar,CÔNG TY TNHH CHẾ BIẾN THỰC PHẨM VÀ THƯƠNG MẠI PHÚC AN PHÁT,85.9413153,5888.183333333333
RE Sugar,CÔNG TY CỔ PHẦN THỦY SẢN HC,375.2593965,751.4166666666666
"RE Sugar, RS Sugar",,118.8033559,762.3833333333333
RE Sugar,CÔNG TY TNHH NESTLE VIỆT NAM,1.315332987,754.0833333333334
RE Sugar,CÔNG TY CỔ PHẦN SANOFI VIỆT NAM,431.1823951,753.5833333333334
RE Sugar,CÔNG TY TNHH NESTLE VIỆT NAM,422.1624052,752.9
RE Sugar,CÔNG TY TNHH YAKULT VIỆT NAM,2328.261533,4425.333333333333
RS Sugar,CHI NHÁNH CÔNG TY CỔ PHẦN SỮA QUỐC TẾ LOF - NHÀ MÁY SỮA LOF BÌNH DƯƠNG,134.9558031,1474.25
RS Sugar,CÔNG TY CỔ PHẦN VINACAFÉ BIÊN HÒA,3024.964898,6617.516666666666
RE Sugar,CÔNG TY TNHH RED BULL (VIỆT NAM),114.6324017,755.1166666666667
RE Sugar,"CÔNG TY TNHH MTV VIETNAT, CÔNG TY LIÊN DOANH MEYER-BPC",143.5373145,753.0666666666667
RE Sugar,CÔNG TY CỔ PHẦN SỮA QUỐC TẾ LOF,84.06615316,753.6333333333333
RE Sugar,CÔNG TY CỔ PHẦN THỰC PHẨM CHOLIMEX,79.4104517,761.6166666666667
RE Sugar,CÔNG TY TNHH DƯỢC PHẨM SÀI GÒN,48.55114753,5.316666666666666
RS Sugar,CÔNG TY CỔ PHẦN VINACAFÉ BIÊN HÒA,15.24528072,10.516666666666667
RS Sugar,CÔNG TY CỔ PHẦN VINACAFÉ BIÊN HÒA,8.877350211,5.3
"Functional Sugar, Juice, RE Sugar, Brown Sugar, Plant-based Milk, Monorock","CÔNG TY TNHH DỊCH VỤ EB, CÔNG TY CỔ PHẦN TRUNG TÂM THƯƠNG MẠI LOTTE VIỆT NAM - CN BÀ RỊA VŨNG TÀU",89.90997078,6.733333333333333
"Invert Syrup, Brown Sugar, Functional Sugar, RE Sugar, Plant-based Milk, Juice, Organic Sugar","CÔNG TY TNHH DỊCH VỤ EB, CÔNG TY TNHH THỰC PHẨM ORION VINA, CÔNG TY TNHH OTOKI VIET NAM",54.82852222,8.366666666666667
"Brown Sugar, RE Sugar, Monorock, RS Sugar",LIÊN HIỆP HỢP TÁC XÃ THƯƠNG MẠI TP.HCM,53.94231502,5.95
Miaqua Water,CÔNG TY CỔ PHẦN GIAO DỊCH HÀNG HÓA SƠN TÍN,23.30313182,3.45
"Functional Sugar, RE Sugar, RE Sugar (IM)","CÔNG TY TNHH MỘT THÀNH VIÊN CHẾ BIẾN THỰC PHẨM THỌ PHÁT, HỘ KINH DOANH KẸO DẺO HƯỚNG DƯƠNG",119.1289639,9.7
RE Sugar,CÔNG TY TNHH PERFETTI VAN MELLE( VIỆT NAM),105.6149459,748.7833333333333
"Invert Syrup, RS Sugar, Monorock, Juice, Brown Sugar",DOANH NGHIỆP TƯ NHÂN ĐOÀN NGUYÊN,10.05859364,1.75
RE Sugar,CÔNG TY TNHH MTV MASAN HG,252.184323,735.6166666666667
"Sugarcane Drinking Water, Juice, Coconut Cooking Cream",LIÊN HIỆP HỢP TÁC XÃ THƯƠNG MẠI TP.HCM,36.7567936,5150.933333333333
"Sugarcane Drinking Water, RE Sugar, Juice, Coconut Cooking Cream","LIÊN HIỆP HỢP TÁC XÃ THƯƠNG MẠI TP.HCM, CHI NHÁNH CÔNG TY TNHH HÙNG ÁNH DƯƠNG - HỦ TIẾU MỰC ÔNG GIÀ CA LI",67.27781244,5150.983333333334
RS Sugar,CÔNG TY CỔ PHẦN VINACAFÉ BIÊN HÒA,430.78754,729.7
RE Sugar,CÔNG TY TNHH RED BULL (VIỆT NAM),142.5482128,736.0166666666667
RS Sugar,CÔNG TY TNHH MỘT THÀNH VIÊN CÔNG NGHIỆP MASAN,620.4710795,1470.9833333333333
"RS Sugar, Brown Sugar, RE Sugar","CÔNG TY CỔ PHẦN THỰC PHẨM CJ CẦU TRE- CHI NHÁNH LONG AN, CÔNG TY TNHH THỰC PHẨM NGON NHƯ Ý, CÔNG TY CỔ PHẦN THỰC PHẨM CÁT HẢI",109.7208687,734.0166666666667
RS Sugar,CÔNG TY CỔ PHẦN THỰC PHẨM ĐÔNG LẠNH KIDO,431.8062918,1474.65
RS Sugar,CÔNG TY CỔ PHẦN SỮA ĐÀ LẠT,260.4338214,729.95
"Brown Sugar, Functional Sugar",,17.10640765,17.216666666666665
RE Sugar,CÔNG TY TNHH NESTLE VIỆT NAM,1016.12651,2198.383333333333
RE Sugar,CÔNG TY CỔ PHẦN THỰC PHẨM CHOLIMEX,59.74907469,736.0
RE Sugar,,5878.044422,1954.85
RE Sugar,CHI NHÁNH CÔNG TY TNHH NƯỚC GIẢI KHÁT SUNTORY PEPSICO VIỆT NAM TẠI TỈNH BẮC NINH,2094.340791,1665.1166666666666
RE Sugar,CHI NHÁNH CÔNG TY TNHH NƯỚC GIẢI KHÁT SUNTORY PEPSICO VIỆT NAM TẠI TỈNH BẮC NINH,12.24330579,1.0
RE Sugar,CHI NHÁNH CÔNG TY TNHH NƯỚC GIẢI KHÁT SUNTORY PEPSICO VIỆT NAM TẠI TỈNH BẮC NINH,12.24330579,1.0
RE Sugar,CÔNG TY TRÁCH NHIỆM HỮU HẠN MỘT THÀNH VIÊN SUẤT ĂN HÀNG KHÔNG VIỆT NAM,46.61108794,4.233333333333333
"RE Sugar, RS Sugar, Monorock, Brown Sugar, Juice, Diet Sugar, Natural Rock, Invert Syrup, Organic Sugar, Functional Sugar, Plant-based Milk","CHI NHÁNH BÌNH DƯƠNG - CÔNG TY CỔ PHẦN DỊCH VỤ THƯƠNG MẠI TỔNG HỢP WINCOMMERCE, CÔNG TY TNHH DỊCH VỤ EB",43.20646217,6.883333333333334
"Monorock, RE Sugar, Diet Sugar, Organic Sugar, Juice, Natural Rock, Functional Sugar, Plant-based Milk, Brown Sugar, RS Sugar","CÔNG TY TNHH DỊCH VỤ EB, CÔNG TY TNHH CJ CGV VIỆT NAM - CHI NHÁNH ĐỒNG NAI, CÔNG TY TNHH THỰC PHẨM SỐNG XANH DONA",24.33831905,716.8
"Brown Sugar, RS Sugar, Invert Syrup","CÔNG TY TNHH TMDV HẢI VÂN FOOD, CÔNG TY TNHH THỰC PHẨM TÂM MINH",50.32300106,5.416666666666667
"RE Sugar, RS Sugar, Juice, Caramelized, Functional Sugar, Diet Sugar, Brown Sugar, Natural Rock, Monorock, Invert Syrup, Organic Sugar","CÔNG TY TNHH TRAN - Q, CÔNG TY TNHH DỊCH VỤ EB",34.96955822,6.466666666666667
"Functional Sugar, Invert Syrup, Coconut Cooking Cream, Juice, RE Sugar","CÔNG TY TNHH CRAFTSMANSHIP, CÔNG TY TNHH ĐẦU TƯ THƯƠNG MẠI PHƯƠNG KIM, CHI NHÁNH VŨNG TÀU - CÔNG TY CỔ PHẦN CAFÉ KATINAT",4.460264465,9.133333333333333
RS Sugar,CÔNG TY CỔ PHẦN VINACAFÉ BIÊN HÒA,2994.318917,5144.166666666667
RS Sugar,CHI NHÁNH CÔNG TY CỔ PHẦN SỮA QUỐC TẾ LOF - NHÀ MÁY SỮA LOF BÌNH DƯƠNG,86.64590213,763.7166666666667
RE Sugar,CÔNG TY CỔ PHẦN ACECOOK VIỆT NAM,3424.391482,5153.533333333334
RE Sugar,CÔNG TY TNHH MTV MASAN HG,218.1105604,753.9666666666667
"Brown Sugar, RS Sugar, RE Sugar, Coconut Cooking Cream, Organic Sugar, Functional Sugar, Monorock, Juice",CHI NHÁNH CẦN THƠ - CÔNG TY CỔ PHẦN DỊCH VỤ THƯƠNG MẠI TỔNG HỢP WINCOMMERCE,312.4338702,759.7333333333333
"RE Sugar, Sugarcane Drinking Water, Monorock, RS Sugar, Functional Sugar, Coconut Cooking Cream, Brown Sugar","CÔNG TY CỔ PHẦN JW EUVIPHARM, CÔNG TY TNHH TRƯỜNG AN PHÚ LONG",104.3581424,754.3666666666667
RE Sugar,"CÔNG TY TNHH PURATOS GRAND-PLACE VIỆT NAM, CÔNG TY TNHH DENEAST VIỆT NAM",150.0648562,755.25
RE Sugar,CÔNG TY TNHH NESTLE VIỆT NAM,419.5702271,755.9
RE Sugar,CÔNG TY TNHH NESTLE VIỆT NAM,423.1993499,752.7833333333333
RE Sugar,CÔNG TY CỔ PHẦN VINACAFÉ BIÊN HÒA,6543.038262,1214.7166666666667
"Brown Sugar, RS Sugar, RE Sugar, Functional Sugar, Juice, Organic Sugar, Monorock, Coconut Cooking Cream","CHI NHÁNH HẢI PHÒNG - CÔNG TY CỔ PHẦN DỊCH VỤ THƯƠNG MẠI TỔNG HỢP WINCOMMERCE, CÔNG TY TNHH CJ CGV VIỆT NAM - CHI NHÁNH HẢI PHÒNG 3",157.0558503,762.85
"RE Sugar, RS Sugar","CÔNG TY CỔ PHẦN THỰC PHẨM GN, CHI NHÁNH CÔNG TY TNHH JOLLIBEE VIỆT NAM TẠI CẦN GIUỘC",58.91971763,757.8166666666667
RE Sugar,CÔNG TY CỔ PHẦN THỰC PHẨM VÀ NƯỚC GIẢI KHÁT NAM VIỆT,421.5522624,754.0333333333333
RE Sugar,CÔNG TY CỔ PHẦN THỰC PHẨM CHOLIMEX,41.63804943,761.2666666666667
RE Sugar,CÔNG TY TNHH URC VIỆT NAM,97.79167414,756.6666666666666
RE Sugar,CÔNG TY TNHH URC VIỆT NAM,94.97928098,754.2833333333333
RE Sugar,CHI NHÁNH CÔNG TY TNHH NƯỚC GIẢI KHÁT SUNTORY PEPSICO VIỆT NAM TẠI TỈNH BẮC NINH,48.47710992,604.65
RE Sugar,CHI NHÁNH CÔNG TY TNHH NƯỚC GIẢI KHÁT SUNTORY PEPSICO VIỆT NAM TẠI TỈNH BẮC NINH,3455.717222,920.2
RE Sugar,CHI NHÁNH CÔNG TY TNHH NƯỚC GIẢI KHÁT SUNTORY PEPSICO VIỆT NAM TẠI TỈNH BẮC NINH,0.0747937,1.0
RE Sugar,CHI NHÁNH CÔNG TY TNHH NƯỚC GIẢI KHÁT SUNTORY PEPSICO VIỆT NAM TẠI TỈNH BẮC NINH,0.0747937,1.0
RE Sugar,CHI NHÁNH CÔNG TY TNHH NƯỚC GIẢI KHÁT SUNTORY PEPSICO VIỆT NAM TẠI TỈNH BẮC NINH,0.0747937,1.0
RS Sugar,CÔNG TY TNHH ĐẦU TƯ THƯƠNG MẠI HƯNG AN NAM,174.5213979,6.966666666666667
"Functional Sugar, Coconut Cooking Cream, Monorock, Juice, RE Sugar",CÔNG TY CỔ PHẦN BÁNH GIVRAL,136.15129,744.0
RE Sugar,CÔNG TY TNHH CPV FOOD,87.12449474,5.366666666666666
"RS Sugar, Sugarcane Drinking Water, Mineral water, Functional Sugar",CHI NHÁNH CÔNG TY TNHH DU LỊCH TTC - TTC HOTEL PREMIUM - PHAN THIẾT,170.3109868,5.966666666666667
"Natural Rock, RS Sugar, Brown Sugar, Organic Sugar, RE Sugar, Monorock, Functional Sugar, Sugarcane Drinking Water, Bar Sugar, Invert Syrup",LIÊN HIỆP HỢP TÁC XÃ THƯƠNG MẠI TP.HCM,26.40677476,3.1166666666666667
"Invert Syrup, Functional Sugar, Monorock",,38.38078616,3.0
"Functional Sugar, RE Sugar, Brown Sugar, Invert Syrup, Diet Sugar, Coconut Cooking Cream, Monorock, RS Sugar",CÔNG TY TNHH ĐẦU TƯ THƯƠNG MẠI TOÀN ĐỨC,16.98505319,15.8
RE Sugar,CÔNG TY TNHH XNK DALU SURIMI,1095.849905,2217.35
RE Sugar,,90.22204447,724.0
RE Sugar,CÔNG TY TNHH MTV MASAN HG,2192.004463,351.3
RE Sugar,,136.8359694,724.0
RE Sugar,CÔNG TY TNHH NESTLE VIỆT NAM,481.5495615,734.5666666666667
RE Sugar,CÔNG TY TNHH NESTLE VIỆT NAM,315.0432801,731.7
RE Sugar,CÔNG TY TNHH MTV MASAN HG,202.7618916,731.0333333333333
RS Sugar,CÔNG TY CỔ PHẦN MONDELEZ KINH ĐÔ VIỆT NAM,640.1863531,2217.9
RE Sugar (IM),CÔNG TY CỔ PHẦN SỮA BA VÌ,196.270038,10.033333333333333
RE Sugar,CÔNG TY TNHH PERFETTI VAN MELLE( VIỆT NAM),109.6220128,734.6833333333333
RE Sugar,CÔNG TY CỔ PHẦN SỮA QUỐC TẾ LOF,124.4709424,2216.3
RS Sugar,CÔNG TY TNHH URC VIỆT NAM,52.4872013,730.35
RE Sugar,,6827.81802,491.2
RE Sugar,CHI NHÁNH CÔNG TY TNHH NƯỚC GIẢI KHÁT SUNTORY PEPSICO VIỆT NAM TẠI TỈNH BẮC NINH,0.0153449,1.0
RE Sugar,CHI NHÁNH CÔNG TY TNHH NƯỚC GIẢI KHÁT SUNTORY PEPSICO VIỆT NAM TẠI TỈNH BẮC NINH,0.0153449,1.0
RE Sugar,CHI NHÁNH CÔNG TY TNHH NƯỚC GIẢI KHÁT SUNTORY PEPSICO VIỆT NAM TẠI TỈNH BẮC NINH,1360.397191,4400.733333333334
RE Sugar,CHI NHÁNH CÔNG TY TNHH NƯỚC GIẢI KHÁT SUNTORY PEPSICO VIỆT NAM TẠI TỈNH BẮC NINH,2773.977157,4400.733333333334
RE Sugar,CHI NHÁNH CÔNG TY TNHH NƯỚC GIẢI KHÁT SUNTORY PEPSICO VIỆT NAM TẠI TỈNH BẮC NINH,32.50301537,-144.75
RE Sugar,CHI NHÁNH CÔNG TY TNHH NƯỚC GIẢI KHÁT SUNTORY PEPSICO VIỆT NAM TẠI TỈNH BẮC NINH,0.0153449,1.0
RE Sugar,CHI NHÁNH CÔNG TY TNHH NƯỚC GIẢI KHÁT SUNTORY PEPSICO VIỆT NAM TẠI TỈNH BẮC NINH,31.43275771,-128.93333333333334
RE Sugar,CHI NHÁNH CÔNG TY TNHH NƯỚC GIẢI KHÁT SUNTORY PEPSICO VIỆT NAM TẠI TỈNH BẮC NINH,0.0153449,1.0
RE Sugar,CÔNG TY TNHH HATCHANDO VINAFOODS,230.9880031,8.033333333333333
"RS Sugar, Monorock",CÔNG TY TNHH LOTUS HEALTHY FOOD,49.48279015,4.966666666666667
"RE Sugar, Monorock","CÔNG TY TNHH POU LI VIỆT NAM, CÔNG TY CP THỰC PHẨM DINH DƯỠNG NUTRINEST",97.59658116,7.25
RE Sugar,CÔNG TY CỔ PHẦN DƯỢC PHẨM AMPHARCO U.S.A,33.12932016,4.7
"RE Sugar, RS Sugar","CÔNG TY TNHH THỰC PHẨM TAYA VIỆT NAM, CÔNG TY TNHH SẢN XUẤT THƯƠNG MẠI XUẤT NHẬP KHẨU NGỌC LIÊN",167.2603687,13.116666666666667
"Brown Sugar, RS Sugar","CÔNG TY TNHH MTV LƯƠNG THỰC HOÀNG GIA AN, CÔNG TY TNHH SAN MIGUEL PURE FOODS (VN)",7.074455489,7.483333333333333
RE Sugar,CÔNG TY TNHH NESTLÉ VIỆT NAM,120.8022546,721.2166666666667
RE Sugar,CÔNG TY TNHH ĐẦU TƯ VÀ DỊCH VỤ THƯƠNG MẠI 168,76.37866147,8.816666666666666
"Brown Sugar, Invert Syrup, Juice, Coconut Cooking Cream, Functional Sugar, RS Sugar, Monorock, Caramelized, Diet Sugar, Bar Sugar","CÔNG TY TNHH MINH TUYẾT NHA TRANG, CÔNG TY TNHH THƯƠNG MẠI MINH DƯỢC, CÔNG TY TNHH ANH HÀO PHAN THIẾT",59.57706222,5.433333333333334
RS Sugar,CÔNG TY TNHH NÔNG SẢN THỰC PHẨM BỐN MÙA,278.5543907,720.5833333333334
RE Sugar,,429.4024159,1497.55
"Monorock, RE Sugar, RS Sugar","CÔNG TY CỔ PHẦN THỰC PHẨM GN, CÔNG TY CỔ PHẦN THỰC PHẨM CÁT HẢI, CHI NHÁNH CÔNG TY TNHH JOLLIBEE VIỆT NAM TẠI CẦN GIUỘC",1089.761979,-304.3833333333333
Juice,,1.758245999,8.133333333333333
"RE Sugar, Brown Sugar, Coconut Cooking Cream, Functional Sugar, Organic Sugar, RS Sugar, Juice","CHI NHÁNH BÌNH DƯƠNG - CÔNG TY CỔ PHẦN DỊCH VỤ THƯƠNG MẠI TỔNG HỢP WINCOMMERCE, CÔNG TY CỔ PHẦN APIS",54.15753186,9.116666666666667
RE Sugar,HỘ KINH DOANH NHƯ LAN,66.42877517,9.066666666666666
RE Sugar,CÔNG TY TNHH LEGENDARY VIỆT NAM,30.16197875,3.1333333333333333
RE Sugar,CÔNG TY TNHH SẢN XUẤT THƯƠNG MẠI ĐÔNG ANH,53.72932395,2.683333333333333
RS Sugar,CHI NHÁNH CÔNG TY CỔ PHẦN SỮA QUỐC TẾ LOF - NHÀ MÁY SỮA LOF BÌNH DƯƠNG,70.18355295,754.6166666666667
RS Sugar,CÔNG TY CỔ PHẦN VINACAFÉ BIÊN HÒA,466.683516,753.0333333333333
RE Sugar,CÔNG TY TNHH NESTLE VIỆT NAM,497.9494173,1472.65
"Functional Sugar, Monorock, Coconut Cooking Cream, RE Sugar",CÔNG TY TNHH PHÂN PHỐI AN KHÁNH,32.61975991,2216.9666666666667
RE Sugar,,422.3103149,1474.1166666666666
RE Sugar,CÔNG TY TNHH NESTLE VIỆT NAM,422.7177366,753.65
RE Sugar,CÔNG TY TNHH NESTLE VIỆT NAM,2522.451244,-1285.9166666666667
"Juice, Brown Sugar, Bar Sugar, Diet Sugar, Coconut Cooking Cream, Sugarcane Drinking Water, Monorock, RS Sugar, Functional Sugar, Organic Sugar",CÔNG TY TNHH MỘT THÀNH VIÊN THƯƠNG MẠI VÀ DỊCH VỤ NGUYÊN THỦY,164.0072321,18.25
RE Sugar,CÔNG TY TNHH RED BULL (VIỆT NAM),114.4655556,730.5166666666667
RS Sugar,CÔNG TY TNHH MỘT THÀNH VIÊN CÔNG NGHIỆP MASAN,428.4001268,1477.8333333333333
RE Sugar,CÔNG TY CỔ PHẦN ACECOOK VIỆT NAM,5117.286952,-1737.2666666666667
"Mineral water, Juice, Monorock, Functional Sugar, Brown Sugar, Bar Sugar, RE Sugar, RS Sugar, Sugarcane Drinking Water, Organic Sugar","CÔNG TY TNHH DU LỊCH TTC, LIÊN HIỆP HỢP TÁC XÃ THƯƠNG MẠI TP.HCM, CÔNG TY TNHH CJ CGV VIỆT NAM - CHI NHÁNH TUY HÒA",266.7802869,1475.3333333333333
RE Sugar,CÔNG TY AJINOMOTO VIỆT NAM,140.9234733,730.6666666666666
RE Sugar,CÔNG TY TNHH NESTLE VIỆT NAM,410.0826962,731.4166666666666
RE Sugar,,663.31068,-1928.3666666666666
RE Sugar,,3046.223932,-1932.5166666666667
"RE Sugar (IM), RS Sugar","CÔNG TY CỔ PHẦN GIA NHẤT HB, CÔNG TY CỔ PHẦN SẢN XUẤT VÀ THƯƠNG MẠI SBT",174.2701856,1473.2666666666667
RS Sugar,CÔNG TY TNHH MỘT THÀNH VIÊN CÔNG NGHIỆP MASAN,508.8736489,1479.9666666666667
"RS Sugar, RE Sugar",,30.24648324,732.0833333333334
Brown Sugar,CÔNG TY AJINOMOTO VIỆT NAM,18.17434978,14.333333333333334
RE Sugar,CÔNG TY TNHH FRIESLANDCAMPINA VIỆT NAM,442.0844755,729.4166666666666
RE Sugar,CÔNG TY CỔ PHẦN THỰC PHẨM VÀ NƯỚC GIẢI KHÁT NAM VIỆT,48.4809437,15.483333333333333
RE Sugar,CÔNG TY CỔ PHẦN VINACAFÉ BIÊN HÒA,48.16660364,15.7
RE Sugar,CÔNG TY TNHH NESTLE VIỆT NAM,427.7393957,728.6
RE Sugar,CÔNG TY TNHH URC VIỆT NAM,108.0902116,730.6666666666666
RE Sugar,CÔNG TY TNHH URC VIỆT NAM,97.28918348,734.0
RE Sugar,CÔNG TY TNHH URC VIỆT NAM,95.42192177,730.4833333333333
RS Sugar,,0.280410799,4.0
RS Sugar,,0.472096742,4.0
RE Sugar,,1110.362599,-1928.3666666666666
RE Sugar,,974.8705593,-1928.3833333333334
"Juice, Sugarcane Drinking Water, Functional Sugar, RE Sugar, Brown Sugar, Coconut Cooking Cream, Monorock",CÔNG TY TNHH PHÚ PHONG.BH,48.36896164,7.816666666666666
RE Sugar,TRUNG TÂM PHÂN PHỐI SATRA,16.46181328,2.45
"RE Sugar, Monorock, Sugarcane Drinking Water, Brown Sugar, RS Sugar",CÔNG TY TNHH THƯƠNG MẠI DỊCH VỤ HUY HÀ FOODS,19.38726649,2.9
"RS Sugar, Mineral water, Drinking Water","CÔNG TY CỔ PHẦN DU LỊCH THANH BÌNH, CÔNG TY TNHH ĐẦU TƯ TRƯỜNG LƯU PHÚC",36.26011203,5.05
RE Sugar,CÔNG TY AJINOMOTO VIỆT NAM,115.865636,723.05
RS Sugar,CÔNG TY TNHH MTV MASAN HG,784.1080045,-2753.633333333333
"RE Sugar, Juice, Diet Sugar, Monorock, Brown Sugar, RS Sugar, Coconut Cooking Cream",CÔNG TY TNHH DẦU ĂN NGUYÊN PHÁT,12.56843198,16.283333333333335
"Functional Sugar, Coconut Cooking Cream, Juice, Monorock, Caramelized, RS Sugar",CÔNG TY TNHH PHÂN PHỐI THƯƠNG MẠI THÁI TUẤN,45.24000843,754.8833333333333
"RS Sugar, Brown Sugar, Juice, RE Sugar, Natural Rock, Coconut Cooking Cream","CÔNG TY TNHH THỰC PHẨM & ĐỒ UỐNG AN PHÁT, CÔNG TY TNHH CỬA HÀNG TIỆN LỢI GIA ĐÌNH VIỆT NAM",23.45633923,11.883333333333333
"Caramelized, RE Sugar, Brown Sugar, Functional Sugar, Organic Sugar, RS Sugar, Monorock, Invert Syrup, Natural Rock",CÔNG TY TNHH DỊCH VỤ EB,1340.13995,-2557.516666666667
RS Sugar,CHI NHÁNH CÔNG TY CỔ PHẦN SỮA QUỐC TẾ LOF - NHÀ MÁY SỮA LOF HÀ NỘI,1325.535546,-2680.0333333333333
RE Sugar,,404.1810213,765.2666666666667
RE Sugar,,433.487702,-2721.4333333333334
RE Sugar,CÔNG TY TNHH BÁNH VÀNG,48.12373483,756.3333333333334
RE Sugar,CÔNG TY TNHH NESTLE VIỆT NAM,296.7917442,753.6333333333333
RS Sugar,"CÔNG TY TNHH CJ FOODS VIỆT NAM - CHI NHÁNH LONG AN, CÔNG TY TNHH KINH LÂM",56.31647748,752.65
RE Sugar (IM),CÔNG TY CỔ PHẦN THỰC PHẨM QUỐC TẾ,175.9522303,752.3833333333333
RE Sugar,CÔNG TY CỔ PHẦN CHẾ BIẾN DỪA Á CHÂU,565.9287322,1478.6
RS Sugar,CÔNG TY TNHH TRẦN QUANG VIỆT NAM,1226.800237,1481.55
RE Sugar,CÔNG TY TNHH URC VIỆT NAM,68.00902167,755.0333333333333
"RS Sugar, Brown Sugar, Functional Sugar, Natural Rock, Invert Syrup, Caramelized",LIÊN HIỆP HỢP TÁC XÃ THƯƠNG MẠI TP.HCM,451.5132732,-2678.9333333333334
"Organic Sugar, Brown Sugar",LIÊN HIỆP HỢP TÁC XÃ THƯƠNG MẠI TP.HCM,42.99007053,752.2
"RE Sugar, RS Sugar",LIÊN HIỆP HỢP TÁC XÃ THƯƠNG MẠI TP.HCM,26.00929735,752.0
"RS Sugar, RE Sugar, Monorock, Functional Sugar, Brown Sugar","CÔNG TY TNHH MM MEGA MARKET (VIỆT NAM), LIÊN HIỆP HỢP TÁC XÃ THƯƠNG MẠI TP.HCM",24.22483796,753.0333333333333
RE Sugar,CHI NHÁNH CÔNG TY TNHH NƯỚC GIẢI KHÁT SUNTORY PEPSICO VIỆT NAM TẠI TỈNH BẮC NINH,1030.870555,755.3
RS Sugar,CÔNG TY TNHH THỰC PHẨM ORION VINA,655.3443066,763.0666666666667
RS Sugar,CHI NHÁNH CÔNG TY CỔ PHẦN SỮA QUỐC TẾ LOF - NHÀ MÁY SỮA LOF HÀ NỘI,1307.475509,-2680.0333333333333
RE Sugar,CHI NHÁNH CÔNG TY TRÁCH NHIỆM HỮU HẠN NƯỚC GIẢI KHÁT COCA-COLA VIỆT NAM TẠI TỈNH LONG AN,124.5648065,753.6166666666667
RE Sugar,CÔNG TY AJINOMOTO VIỆT NAM,127.3892981,754.35
RE Sugar,CHI NHÁNH CÔNG TY CỔ PHẦN TẬP ĐOÀN TRUNG NGUYÊN - NHÀ MÁY CÀ PHÊ SÀI GÒN,1644.905467,-2749.9
"Dextrose, RS Sugar",CÔNG TY CỔ PHẦN BÁNH KẸO TRÀNG AN 2 - VIỆT NAM,5372.960909,755.0833333333334
RE Sugar,CÔNG TY CỔ PHẦN VINACAFÉ BIÊN HÒA,96.93498069,1479.0166666666667
RE Sugar,CÔNG TY TNHH FRIESLANDCAMPINA VIỆT NAM,1484.765261,1472.1833333333334
RE Sugar,,424.1636167,-2650.133333333333
RE Sugar,,430.5656631,-2654.5333333333333
RE Sugar,CÔNG TY TNHH FRIESLANDCAMPINA HÀ NAM,0.049215795,1.0
RE Sugar,HỘ KINH DOANH NHƯ LAN,27.92466318,3.6
RE Sugar,CÔNG TY TNHH TIÊN PHONG 365,68.86933156,743.8333333333334
"Caramelized, Coconut Cooking Cream, Monorock, Brown Sugar, Functional Sugar, RS Sugar, Juice",CÔNG TY TNHH QUỐC HƯNG THỊNH BẢO LỘC,391.1691856,747.0666666666667
"Bar Sugar, Natural Rock",CÔNG TY CP THỰC PHẨM DINH DƯỠNG NUTRINEST,16.75775622,3.3
"Organic Sugar, Brown Sugar, RS Sugar, Functional Sugar, RE Sugar, Invert Syrup, Diet Sugar","CÔNG TY TNHH DỊCH VỤ EB, CÔNG TY TNHH PETER NGUYỄN",48.2074468,6.433333333333334
RE Sugar,CÔNG TY TNHH PETER NGUYỄN,51.4149311,6.783333333333333
"Monorock, RE Sugar, Functional Sugar, RS Sugar, Caramelized",CÔNG TY TNHH VIÊN GIA BẢO,33.37810441,5.3
RE Sugar,CÔNG TY TNHH PERFETTI VAN MELLE( VIỆT NAM),29.65638017,743.4
RE Sugar,LIÊN HIỆP HỢP TÁC XÃ THƯƠNG MẠI TP.HCM,14.32302218,739.6
RE Sugar,CÔNG TY CỔ PHẦN THỰC PHẨM CHOLIMEX,94.20002372,739.1333333333333
RS Sugar,CÔNG TY CỔ PHẦN VINACAFÉ BIÊN HÒA,4.839575937,739.1333333333333
RE Sugar,CÔNG TY TNHH RED BULL (VIỆT NAM),114.0038597,730.55
RE Sugar (IM),CÔNG TY CỔ PHẦN THỰC PHẨM VÀ NƯỚC GIẢI KHÁT PTT,1175.783137,-3346.866666666667
RS Sugar,CÔNG TY CỔ PHẦN MASAN JINJU,11.11071559,9.8
RE Sugar,CÔNG TY CỔ PHẦN MONDELEZ KINH ĐÔ VIỆT NAM,440.3107544,730.9833333333333
"Juice, Functional Sugar, RS Sugar, RE Sugar, Monorock","CÔNG TY TNHH DỊCH VỤ EB, CÔNG TY TNHH BÁN LẺ VÀ SIÊU THỊ VIỆT NAM",15.08463703,10.766666666666667
RE Sugar,CÔNG TY AJINOMOTO VIỆT NAM,172.94377,736.2833333333333
RE Sugar,CÔNG TY CỔ PHẦN VINACAFÉ BIÊN HÒA,64.53046448,735.0333333333333
Invert Syrup,CÔNG TY CỔ PHẦN DỊCH VỤ CÀ PHÊ CAO NGUYÊN,20.60191867,16.75
RE Sugar,CÔNG TY TNHH URC VIỆT NAM,96.25051222,730.9666666666667
"Coconut Cooking Cream, Juice",,124.1104731,734.4
RS Sugar,CÔNG TY TNHH THỰC PHẨM ORION VINA,655.9172732,-3491.95
RE Sugar,CÔNG TY CỔ PHẦN ACECOOK VIỆT NAM,452.9074675,729.65
"Juice, Functional Sugar, Organic Sugar, Brown Sugar, RE Sugar, Monorock, Natural Rock, RS Sugar, Coconut Cooking Cream, Sugarcane Drinking Water","CÔNG TY TNHH THISO RETAIL, LIÊN HIỆP HỢP TÁC XÃ THƯƠNG MẠI TP.HCM",48.74747731,12.85
"RE Sugar, Coconut Cooking Cream, Caramelized, Bar Sugar, Juice, Brown Sugar, Monorock, RS Sugar, Sugarcane Drinking Water, Functional Sugar","CÔNG TY TNHH MỘT THÀNH VIÊN THƯƠNG MẠI DỊCH VỤ PHƯƠNG UYÊN, CÔNG TY TNHH TRƯỜNG AN PHÚ LONG",4118.885422,-7260.883333333333
RE Sugar,CÔNG TY CỔ PHẦN ACECOOK VIỆT NAM,4187.80153,-3201.25
RE Sugar,CÔNG TY TNHH MTV MASAN HG,244.5217291,732.9833333333333
"RE Sugar, RS Sugar","CÔNG TY TNHH THISO RETAIL, CÔNG TY TNHH CJ CGV VIỆT NAM - CHI NHÁNH BÌNH THẠNH 2",30.96594331,11.716666666666667
"Brown Sugar, RE Sugar (IM)","CÔNG TY TNHH SÔNG HỒNG TÂN, CÔNG TY TRÁCH NHIỆM HỮU HẠN ZER-MAT",30.10986454,12.683333333333334
"RS Sugar, RE Sugar, Functional Sugar, Juice, Coconut Cooking Cream, Brown Sugar, Monorock",CÔNG TY TNHH HỮU ĐOÀN,9.125912335,11.15
RE Sugar,CÔNG TY CỔ PHẦN THỰC PHẨM VÀ NƯỚC GIẢI KHÁT NAM VIỆT,50.55732308,14.866666666666667
RE Sugar,CÔNG TY TNHH MỘT THÀNH VIÊN THỰC PHẨM Á CHÂU III,69.36324422,722.85
RS Sugar,CÔNG TY TNHH THỰC PHẨM QUỐC TẾ NAM DƯƠNG,452.8095491,-3489.233333333333
RE Sugar,CÔNG TY TNHH NESTLE VIỆT NAM,398.2461655,728.9666666666667
RE Sugar,CÔNG TY TNHH NESTLE VIỆT NAM,423.7700522,730.1833333333333
RS Sugar,CÔNG TY TNHH TRẦN QUANG VIỆT NAM,456.8964385,-3493.95
"Juice, RS Sugar, Brown Sugar, Monorock",CÔNG TY TNHH ĐẦU TƯ THƯƠNG MẠI TOÀN ĐỨC,284.4227596,-3481.366666666667
"Natural Rock, Functional Sugar, RE Sugar, Caramelized, Diet Sugar, Organic Sugar",CÔNG TY CỔ PHẦN TRUNG TÂM THƯƠNG MẠI LOTTE VIỆT NAM,33.95297699,6.783333333333333
"RE Sugar, Sugarcane Drinking Water, Miaqua Water, Coconut Cooking Cream, Brown Sugar","CÔNG TY CỔ PHẦN TRUNG TÂM THƯƠNG MẠI LOTTE VIỆT NAM, CÔNG TY CỔ PHẦN GIAO DỊCH HÀNG HÓA SƠN TÍN",43.24962211,6.716666666666667
RE Sugar,HỘ KINH DOANH NHƯ LAN,24.05588866,1.8666666666666667
"Brown Sugar, RS Sugar",CÔNG TY CỐ PHẦN THỰC PHẨM CHOLIMEX,62.88848243,3.8333333333333335
"Juice, Functional Sugar, Natural Rock, RE Sugar, Monorock, Brown Sugar, Diet Sugar, Invert Syrup, Bar Sugar, Organic Sugar","LIÊN HIỆP HỢP TÁC XÃ THƯƠNG MẠI TP.HCM, CÔNG TY CỔ PHẦN TRUNG TÂM THƯƠNG MẠI LOTTE VIỆT NAM - CHI NHÁNH ĐỒNG NAI",68.41195068,716.3
RE Sugar,CÔNG TY TNHH URC VIỆT NAM,113.2929808,725.3333333333334
"Bar Sugar, Caramelized, Organic Sugar, Functional Sugar, Monorock, Brown Sugar, Coconut Cooking Cream, RE Sugar, Invert Syrup, Diet Sugar, RS Sugar, Natural Rock","CÔNG TY CỔ PHẦN TRUNG TÂM THƯƠNG MẠI LOTTE VIỆT NAM - CHI NHÁNH NHA TRANG, CÔNG TY TNHH MINH TUYẾT NHA TRANG, CÔNG TY TNHH THƯƠNG MẠI MINH DƯỢC, CÔNG TY TNHH DV TM TỔNG HỢP NGUYÊN KHANG, CÔNG TY CỔ PHẦN PHIM THIÊN NGÂN, CHI NHÁNH NHA TRANG - CÔNG TY CỔ PHẦN CAFÉ KATINAT",401.4404436,-3479.55
"Brown Sugar, RE Sugar, Juice, Monorock, RS Sugar, Functional Sugar, Coconut Cooking Cream, Invert Syrup, Natural Rock, Organic Sugar","CHI NHÁNH CẦN THƠ - CÔNG TY CỔ PHẦN DỊCH VỤ THƯƠNG MẠI TỔNG HỢP WINCOMMERCE, CÔNG TY TNHH DỊCH VỤ EB, CÔNG TY CỔ PHẦN TRUNG TÂM THƯƠNG MẠI LOTTE VIỆT NAM - CHI NHÁNH CẦN THƠ, CÔNG TY TNHH MTV SẢN XUẤT THƯƠNG MẠI VÀ DỊCH VỤ HỢP DUYÊN, CÔNG TY TNHH CJ CGV VIỆT NAM - CHI NHÁNH VĨNH LONG, LIÊN HIỆP HỢP TÁC XÃ THƯƠNG MẠI TP.HCM",1506.401858,-3928.3
RS Sugar,CÔNG TY TNHH MỘT THÀNH VIÊN CÔNG NGHIỆP MASAN,447.3955309,-4190.416666666667
RE Sugar,CÔNG TY TNHH RED BULL (VIỆT NAM),115.701807,-4212.85
"Juice, Coconut Cooking Cream, Functional Sugar, Caramelized, Brown Sugar, RE Sugar, RS Sugar, Monorock, Invert Syrup, Sugarcane Drinking Water","DOANH NGHIỆP TƯ NHÂN TÂM PHƯỢNG, CÔNG TY TNHH TM BẢO HÂN SA ĐÉC, DOANH NGHIỆP TƯ NHÂN HOÀNG PHÁT LONG XUYÊN",251.1778051,-4206.1
RS Sugar,CHI NHÁNH CÔNG TY CỔ PHẦN SỮA QUỐC TẾ LOF - NHÀ MÁY SỮA LOF BÌNH DƯƠNG,102.0643197,-4208.083333333333
"RE Sugar, Functional Sugar","CÔNG TY CỔ PHẦN THỰC PHẨM GN, CÔNG TY CỔ PHẦN THỰC PHẨM CÁT HẢI, CÔNG TY TNHH KINH LÂM",1181.817541,-4049.0
RS Sugar,"CÔNG TY CỔ PHẦN DH FOODS - CHI NHÁNH LONG AN, CHI NHÁNH CÔNG TY TNHH JOLLIBEE VIỆT NAM TẠI CẦN GIUỘC",55.68192549,-4209.483333333334
RE Sugar,CÔNG TY TNHH NESTLE VIỆT NAM,187.5980533,-4212.5
RS Sugar,CÔNG TY TNHH VI NA,1491.869482,-3953.4
RE Sugar,CÔNG TY TNHH NESTLE VIỆT NAM,434.9274944,-4213.533333333334
RE Sugar,CÔNG TY TNHH MTV MASAN HG,221.5325542,-4212.133333333333
RE Sugar,CÔNG TY CỔ PHẦN ĐƯỜNG VIỆT NAM,772.3700272,-4210.2
RE Sugar,CÔNG TY CỔ PHẦN ĐƯỜNG VIỆT NAM,478.8872231,-4210.816666666667
RE Sugar,CÔNG TY CỔ PHẦN XUẤT NHẬP KHẨU BẾN TRE,157.2658044,-4209.716666666666
RE Sugar,CÔNG TY TNHH PERFETTI VAN MELLE( VIỆT NAM),106.3550704,-4212.6
RS Sugar,CÔNG TY TNHH TRẦN QUANG VIỆT NAM,921.5853457,-4214.166666666667
RE Sugar,CÔNG TY TNHH MTV MASAN HG,204.7977198,-4207.883333333333
"RS Sugar, RE Sugar","CÔNG TY TNHH MTV TMDV CHẾ BIẾN TP ĐỨC LINH, CÔNG TY TNHH SX & TM XUẤT NHẬP KHẨU GIŨA MỸ TIẾN",67.03849632,-4214.333333333333
"Juice, Natural Rock, Diet Sugar, RE Sugar, Brown Sugar, Organic Sugar, RS Sugar, Functional Sugar, Invert Syrup, Monorock",CÔNG TY TNHH DỊCH VỤ EB,62.09266151,7.716666666666667
"Brown Sugar, Juice, RE Sugar, RS Sugar, Functional Sugar, Organic Sugar, Natural Rock, Monorock, Diet Sugar, Invert Syrup, Coconut Cooking Cream","CÔNG TY CỔ PHẦN TRUNG TÂM THƯƠNG MẠI LOTTE VIỆT NAM - CHI NHÁNH BÌNH DƯƠNG, CÔNG TY TNHH DỊCH VỤ EB",69.44087853,-4227.85
"RE Sugar, Coconut Cooking Cream","HỘ KINH DOANH NHƯ LAN, NGƯỜI MUA KHÔNG CUNG CẤP THÔNG TIN",91.2022354,-4227.933333333333
"Functional Sugar, RE Sugar","CÔNG TY TNHH DỊCH VỤ EB, HỘ KINH DOANH NHƯ LAN",51.71640535,5.9
"Brown Sugar, RS Sugar, RE Sugar, Invert Syrup, Natural Rock, Organic Sugar",CÔNG TY TNHH DỊCH VỤ EB,40.42106218,5.55
RE Sugar,CÔNG TY TNHH VIÊN GIA BẢO,12.16318669,2.533333333333333
RS Sugar,CÔNG TY TNHH VIÊN GIA BẢO,23.37187586,6.933333333333334
"Juice, RE Sugar",CÔNG TY TNHH MM MEGA MARKET (VIỆT NAM),47.01935609,-4231.333333333333
RE Sugar,CÔNG TY TNHH NESTLE VIỆT NAM,411.6090468,33.3
RE Sugar,CÔNG TY TNHH NESTLE VIỆT NAM,1536.867356,184.73333333333332
"Functional Sugar, Monorock, Juice, RE Sugar, RS Sugar, Organic Sugar, Coconut Cooking Cream, Brown Sugar, Natural Rock","CÔNG TY TNHH PHÂN PHỐI SÀNH ĐIỆU, LIÊN HIỆP HỢP TÁC XÃ THƯƠNG MẠI TP.HCM, CÔNG TY TNHH THISO RETAIL, TRUNG TÂM ĐIỀU HÀNH SATRAFOODS",89.38198147,116.55
RS Sugar,CÔNG TY TNHH DẦU ĂN NGUYÊN PHÁT,12.45940718,86.73333333333333
RE Sugar,CÔNG TY TNHH MỘT THÀNH VIÊN CÔNG NGHIỆP MASAN,107.6075151,86.0
Juice,CÔNG TY CỔ PHẦN DỊCH VỤ CÀ PHÊ CAO NGUYÊN,1643.620161,417.53333333333336
RE Sugar,CÔNG TY TNHH URC VIỆT NAM,95.15610955,37.65
RE Sugar,CÔNG TY TNHH URC VIỆT NAM,125.6609101,34.43333333333333
"Sugarcane Drinking Water, Juice, RS Sugar, Brown Sugar, Diet Sugar, RE Sugar",CÔNG TY TNHH DẦU ĂN NGUYÊN PHÁT,65.26763477,43.38333333333333
RE Sugar,CÔNG TY TNHH MTV MASAN HG,215.5134789,35.46666666666667
RS Sugar,CÔNG TY TNHH MỘT THÀNH VIÊN CÔNG NGHIỆP MASAN,404.5438986,34.88333333333333
"RE Sugar, RS Sugar","HỘ KINH DOANH KẸO LƯU LUYẾN, CÔNG TY TNHH MTV SẢN XUẤT THƯƠNG MẠI CHẾ BIẾN THỰC PHẨM VĨ HUY",85.49245949,33.88333333333333
RS Sugar,CÔNG TY TNHH SEMBA TOHKA VIỆT NAM,23.75408582,14.933333333333334
RE Sugar (EX),GLOBAL MIND AGRICULTURE PTE. LTD,130.9682773,10.416666666666666
RE Sugar (EX),GLOBAL MIND AGRICULTURE PTE. LTD,274.7059118,10.4
"Natural Rock, Organic Sugar",CÔNG TY CP THỰC PHẨM DINH DƯỠNG NUTRINEST,20.01898072,2.95
"RE Sugar, Coconut Cooking Cream, Juice, Monorock, Functional Sugar",,56.87147095,6.166666666666667
RS Sugar,"CÔNG TY TNHH DỊCH VỤ EB, CÔNG TY TNHH KAMEREO",52.46000844,5.65
"Monorock, Natural Rock, RS Sugar, RE Sugar","CÔNG TY TNHH KAMEREO, CÔNG TY CP THỰC PHẨM DINH DƯỠNG NUTRINEST, CÔNG TY TNHH CHẾ BIẾN THỰC PHẨM VIỆT Ý",67.50389341,5.65
"Juice, RE Sugar, RS Sugar, Natural Rock, Functional Sugar, Brown Sugar",CÔNG TY TNHH DỊCH VỤ EB,260.203692,23.566666666666666
"Juice, RS Sugar",CÔNG TY TNHH MM MEGA MARKET (VIỆT NAM),31.33792497,7.7
RE Sugar,CÔNG TY TNHH BÁNH KẸO ART TANGO,37.29616344,6.55
RE Sugar,CÔNG TY TNHH SẢN XUẤT THƯƠNG MẠI XUẤT NHẬP KHẨU NGỌC LIÊN,56.76992109,5.866666666666666
Juice,CÔNG TY TNHH MINH TUYẾT NHA TRANG,309.464335,23.566666666666666
RE Sugar,,3151.241275,278.75
RE Sugar,,430.1020825,67.61666666666666
RE Sugar,"CÔNG TY TNHH CHẾ BIẾN DỪA LƯƠNG QUỚI, CÔNG TY TRÁCH NHIỆM HỮU HẠN COVINA",557.9510534,56.68333333333333
RE Sugar,CÔNG TY TNHH MTV MASAN HG,224.5318328,58.56666666666667
RE Sugar,CÔNG TY TNHH CHẾ BIẾN DỪA LƯƠNG QUỚI,515.4688911,58.15
"RS Sugar, RE Sugar",CÔNG TY TNHH MM MEGA MARKET (VIỆT NAM),21.31785154,16.516666666666666
RE Sugar,,716.8781001,63.7
"RS Sugar, Diet Sugar, Juice, Functional Sugar, Monorock, RE Sugar, Brown Sugar","DOANH NGHIỆP TƯ NHÂN KHANG AN, CHI NHÁNH CÔNG TY TNHH JOLLIBEE VIỆT NAM TẠI CẦN GIUỘC",167.5194643,63.0
"Monorock, Juice, RS Sugar",CÔNG TY TRÁCH NHIỆM HỮU HẠN TMDV XĂNG DẦU CHÂU THÀNH,98.08020168,7.0
"Organic Sugar, Functional Sugar, RS Sugar, Invert Syrup, Juice, Natural Rock, RE Sugar",CÔNG TY TNHH DỊCH VỤ EB,21.21336761,23.633333333333333
RS Sugar,CÔNG TY TNHH THƯƠNG MẠI SẢN XUẤT DINH DƯỠNG THỰC PHẨM LFOOD,111.3060918,12.116666666666667
RE Sugar,CÔNG TY TNHH VIÊN GIA BẢO,16.82239833,3.8333333333333335
"RS Sugar, RE Sugar",CÔNG TY TNHH VIÊN GIA BẢO,13.36226262,3.816666666666667
"Plant-based Milk, Juice, Organic Sugar, RE Sugar, Functional Sugar, Natural Rock, RS Sugar, Invert Syrup, Monorock, Brown Sugar",CÔNG TY TNHH DỊCH VỤ EB,321.5178646,56.63333333333333
RE Sugar,CÔNG TY CỔ PHẦN ĐƯỜNG VIỆT NAM,456.4218014,33.13333333333333
RE Sugar,CÔNG TY CỔ PHẦN ĐƯỜNG VIỆT NAM,1378.731751,71.11666666666666
RE Sugar (IM),CÔNG TY TNHH THƯƠNG MẠI & SẢN XUẤT THỰC PHẨM MINH ĐỨC,58.2292507,49.7
RE Sugar,CÔNG TY CỔ PHẦN ĐƯỜNG VIỆT NAM,464.272886,32.333333333333336
RE Sugar,CÔNG TY TNHH NESTLE VIỆT NAM,401.342884,34.06666666666667
RE Sugar (EX),GLOBAL MIND AGRICULTURE PTE. LTD,160.1747928,28.25
RS Sugar,CÔNG TY TNHH MỘT THÀNH VIÊN CÔNG NGHIỆP MASAN,405.4149959,57.7
RE Sugar,CÔNG TY AJINOMOTO VIỆT NAM,141.5813971,34.083333333333336
RS Sugar,CÔNG TY TNHH URC VIỆT NAM,1790.07238,198.53333333333333
RE Sugar,CÔNG TY TNHH RED BULL (VIỆT NAM),114.0077636,32.65
RE Sugar,CÔNG TY CỔ PHẦN ACECOOK VIỆT NAM,450.8757871,33.68333333333333
"Sugarcane Drinking Water, Juice, RE Sugar, Organic Sugar, Mineral water, Functional Sugar, Drinking Water, Brown Sugar, RS Sugar","CN CÔNG TY TNHH DU LỊCH TTC - TTC RESORT PREMIUM - DỐC LẾT, CÔNG TY TNHH DỊCH VỤ EB",461.7321428,33.833333333333336
RE Sugar,CHI NHÁNH TÂY NINH CÔNG TY TRÁCH NHIỆM HỮU HẠN PALDO VINA,94.564441,16.45
RS Sugar,CÔNG TY TNHH MỘT THÀNH VIÊN CÔNG NGHIỆP MASAN,394.5502396,56.81666666666667
RE Sugar,CÔNG TY TNHH MTV MASAN HG,205.1141103,35.63333333333333
RE Sugar (IM),CÔNG TY TNHH S.T.FOOD MARKETING,42.96260301,16.35
RE Sugar,CÔNG TY TNHH URC VIỆT NAM,95.15476837,36.81666666666667
"Brown Sugar, Juice, Functional Sugar, RS Sugar, RE Sugar, Diet Sugar",CÔNG TY TNHH KINH DOANH & TM AN SƠN,54.13646449,16.0
RE Sugar,CÔNG TY TNHH FRIESLANDCAMPINA VIỆT NAM,481.6298871,37.1
RE Sugar,CÔNG TY TNHH NESTLE VIỆT NAM,421.3025912,33.96666666666667
RS Sugar,CÔNG TY TNHH URC VIỆT NAM,40.15295282,37.78333333333333
RE Sugar,CÔNG TY CỔ PHẦN THIÊN ĐƯỜNG ẨM THỰC VIỆT NAM,24.65728325,3.55
"Invert Syrup, Monorock, Coconut Cooking Cream, Natural Rock, Caramelized, RE Sugar, Functional Sugar, Brown Sugar, Juice, Organic Sugar",CÔNG TY CỔ PHẦN KING FOOD MARKET,10.29884942,5.15
"RS Sugar, Natural Rock",CÔNG TY TNHH MM MEGA MARKET (VIỆT NAM),43.47827738,24.0
RE Sugar,CÔNG TY AJINOMOTO VIỆT NAM,133.4772291,26.583333333333332
RE Sugar,CÔNG TY TNHH DELI-FOOD CONSUMER,42.16812579,8.166666666666666
RE Sugar,CÔNG TY TNHH NESTLÉ VIỆT NAM,102.5958528,21.05
"Organic Sugar, RE Sugar, Monorock, Brown Sugar, Coconut Cooking Cream, RS Sugar","CÔNG TY TNHH MỘT THÀNH VIÊN SẢN XUẤT VÀ PHÂN PHỐI HẢI VÂN, TRẦN LÊ BÍCH THÙY, CÔNG TY TNHH CJ CGV VIỆT NAM - CHI NHÁNH CẦN THƠ, CÔNG TY CỔ PHẦN DƯỢC PHẨM TIPHARCO",1909.252588,272.6166666666667
"Functional Sugar, Caramelized, Invert Syrup, Coconut Cooking Cream, Brown Sugar, RS Sugar, RE Sugar","CÔNG TY TNHH MỘT THÀNH VIÊN THƯƠNG MẠI- DƯỢC PHẨM VIỆT NGỌC, CÔNG TY TNHH TRƯỜNG AN PHÚ LONG",223.1986799,25.05
Juice,,132.6846457,42.4
RE Sugar,CÔNG TY TNHH RED BULL (VIỆT NAM),113.549554,33.45
Coconut Cooking Cream,,122.5415548,37.083333333333336
"RS Sugar, RE Sugar, Caramelized, Functional Sugar","CÔNG TY CỔ PHẦN CAO LỢI HƯNG VIỆT NAM, CÔNG TY TNHH MINISTOP VIỆT NAM",105.7108461,34.983333333333334
"RS Sugar, RE Sugar, Functional Sugar, Organic Sugar, Natural Rock, Caramelized, Brown Sugar, Juice, Sugarcane Drinking Water","CÔNG TY TNHH CJ CGV VIỆT NAM - CHI NHÁNH QUẬN 1, CÔNG TY CỔ PHẦN CAFÉ KATINAT, TRUNG TÂM ĐIỀU HÀNH SATRAFOODS, TTTM SATRA ĐƯỜNG PHẠM HÙNG, LIÊN HIỆP HỢP TÁC XÃ THƯƠNG MẠI TP.HCM",95.55012273,53.43333333333333
"Juice, RE Sugar","CÔNG TY TNHH TRƯƠNG QUANG TRUNG, CÔNG TY TNHH CÔNG NGHIỆP THỰC PHẨM PATAYA (VIỆT NAM)",287.8729551,35.8
RE Sugar,,425.5053293,44.233333333333334
RE Sugar,CÔNG TY CP XUẤT NHẬP KHẨU THỰC PHẨM TOÀN CẦU,563.6047512,32.266666666666666
RS Sugar,CÔNG TY TNHH TRẦN QUANG VIỆT NAM,445.1121017,32.55
RE Sugar,CÔNG TY TNHH NESTLE VIỆT NAM,416.8674021,36.15
RE Sugar,CÔNG TY TNHH MTV MASAN HG,191.314708,34.36666666666667
RE Sugar,CÔNG TY TNHH MTV MASAN HG,0.058815082,61.75
RS Sugar,CÔNG TY TNHH MỘT THÀNH VIÊN CÔNG NGHIỆP MASAN,428.8349305,58.43333333333333
RE Sugar,,420.1264153,41.81666666666667
RE Sugar (IM),CÔNG TY CỔ PHẦN THƯƠNG MẠI DƯỢC VẬT TƯ Y TẾ KHẢI HÀ,211.7625022,28.55
RE Sugar (IM),CÔNG TY CỔ PHẦN THỰC PHẨM QUỐC TẾ,119.9011128,78.96666666666667
RE Sugar,CÔNG TY TNHH FRIESLANDCAMPINA VIỆT NAM,956.307812,55.766666666666666
RE Sugar,CÔNG TY TNHH FRIESLANDCAMPINA VIỆT NAM,1272.637944,63.666666666666664
RE Sugar (IM),CÔNG TY CỔ PHẦN THỰC PHẨM QUỐC TẾ,59.65679932,32.55
"Brown Sugar, RE Sugar, Monorock","CÔNG TY CỔ PHẦN THỰC PHẨM GN, CÔNG TY TNHH VINA PRIDE SEAFOODS",91.65691237,32.03333333333333
Brown Sugar,CÔNG TY TNHH POUYUEN VIỆT NAM,64.90281427,6.816666666666666
RE Sugar,CÔNG TY CỔ PHẦN UNIBEN,2179.790601,-3860.866666666667
RE Sugar,CÔNG TY CỔ PHẦN THƯƠNG MẠI BÁCH HÓA XANH,35.28534224,5.566666666666666
"RE Sugar, Coconut Cooking Cream","CÔNG TY CỔ PHẦN CHẾ BIẾN THỰC PHẨM HOA SEN, CÔNG TY CỔ PHẦN THƯƠNG MẠI BÁCH HÓA XANH",90.81621853,7.766666666666667
"Brown Sugar, RE Sugar","CÔNG TY TNHH THIÊN BÌNH ANH, CÔNG TY TNHH NUTRITION VIỆT NAM",58.47101181,5.65
RE Sugar,CÔNG TY TNHH NGUYỄN GIA LONG,52.79730446,4.266666666666667
RS Sugar,CÔNG TY TNHH MTV MASAN HG,770.9024844,48.0
RS Sugar,,150.7809114,24.0
RS Sugar,,238.4579466,24.0
RS Sugar,,406.1190708,24.0
RS Sugar,,409.5444932,24.0
RS Sugar,,209.2872788,24.0
RS Sugar,CHI NHÁNH CÔNG TY CỔ PHẦN SỮA QUỐC TẾ LOF - NHÀ MÁY SỮA LOF CỦ CHI,57.68926441,26.85
RE Sugar,CÔNG TY TNHH THỰC PHẨM ORION VINA,98.08817701,33.733333333333334
RE Sugar,CÔNG TY AJINOMOTO VIỆT NAM,139.0191451,33.916666666666664
"RE Sugar, Caramelized, Natural Rock, RS Sugar, Juice, Organic Sugar, Functional Sugar, Brown Sugar","CÔNG TY CỔ PHẦN CHĂN NUÔI C.P VIỆT NAM - CHI NHÁNH ĐÔNG LẠNH BẾN TRE, CÔNG TY TNHH DỊCH VỤ EB",186.3874112,39.03333333333333
"RS Sugar, RE Sugar, Natural Rock, Organic Sugar, Functional Sugar, Brown Sugar, Diet Sugar, Juice, Coconut Cooking Cream, Bar Sugar, Invert Syrup, Monorock, Plant-based Milk","CÔNG TY CỔ PHẦN THỰC PHẨM CJ CẦU TRE- CHI NHÁNH LONG AN, LIÊN HIỆP HỢP TÁC XÃ THƯƠNG MẠI TP.HCM, CHI NHÁNH CÔNG TY TNHH JOLLIBEE VIỆT NAM TẠI CẦN GIUỘC",100.9001634,37.916666666666664
RE Sugar,CÔNG TY CỔ PHẦN ACECOOK VIỆT NAM,499.8501663,36.166666666666664
RS Sugar,CÔNG TY TNHH MỘT THÀNH VIÊN CHẾ BIẾN HẠT ĐIỀU MỸ VIỆT,1040.969193,150.56666666666666
RE Sugar,CÔNG TY TNHH TNI KING COFFEE,2634.608456,182.76666666666668
RE Sugar,CÔNG TY TNHH PURATOS GRAND-PLACE VIỆT NAM,222.4155311,41.93333333333333
RE Sugar,CÔNG TY TNHH FRIESLANDCAMPINA VIỆT NAM,444.8495544,37.63333333333333
RE Sugar,CÔNG TY TNHH NESTLE VIỆT NAM,425.2026316,35.85
RS Sugar,CÔNG TY TNHH TRẦN QUANG VIỆT NAM,441.4429742,32.983333333333334
RS Sugar,CÔNG TY TNHH TRẦN QUANG VIỆT NAM,451.7383825,176.45
"RE Sugar, Functional Sugar, RS Sugar, Brown Sugar, Coconut Cooking Cream, Organic Sugar, Natural Rock","CHI NHÁNH CẦN THƠ - CÔNG TY CỔ PHẦN DỊCH VỤ THƯƠNG MẠI TỔNG HỢP WINCOMMERCE, LIÊN HIỆP HỢP TÁC XÃ THƯƠNG MẠI TP.HCM, CÔNG TY CỔ PHẦN VIỆT NAM FOOD HẬU GIANG",1186.966699,-3876.85
"RE Sugar, Functional Sugar, Diet Sugar, RS Sugar, Juice, Monorock, Coconut Cooking Cream, Organic Sugar",CÔNG TY TNHH DẦU ĂN NGUYÊN PHÁT,12.58884505,11.566666666666666
RS Sugar,CÔNG TY CỔ PHẦN SỮA ĐÀ LẠT,309.313885,34.56666666666667
RE Sugar,,899.5176804,37.983333333333334
RE Sugar,CÔNG TY CỔ PHẦN THỰC PHẨM VÀ NƯỚC GIẢI KHÁT NAM VIỆT,103.3421591,29.766666666666666
RE Sugar,CÔNG TY TNHH URC VIỆT NAM,108.8159293,41.05
RE Sugar,CÔNG TY TNHH URC VIỆT NAM,99.1323544,37.31666666666667
RE Sugar,CÔNG TY CỔ PHẦN THƯƠNG MẠI VÀ DỊCH VỤ NGỌC HÀ,128.8896183,158.15
RE Sugar,CHI NHÁNH CÔNG TY TNHH NƯỚC GIẢI KHÁT SUNTORY PEPSICO VIỆT NAM TẠI TỈNH BẮC NINH,23.86473132,-18.7
"RS Sugar, RE Sugar","CÔNG TY TNHH THƯƠNG MẠI DỊCH VỤ SẢN XUẤT CHÀ BÔNG VIỆT, CÔNG TY TRÁCH NHIỆM HỮU HẠN VINA FOODS KYOEI, CÔNG TY TNHH HOÀNG MINH T&T FOOD",105.4802312,10.166666666666666
RE Sugar,CÔNG TY TRÁCH NHIỆM HỮU HẠN MỘT THÀNH VIÊN SUẤT ĂN HÀNG KHÔNG VIỆT NAM,96.59644097,10.15
Natural Rock,CÔNG TY CP THỰC PHẨM DINH DƯỠNG NUTRINEST,19.77050692,3.033333333333333
RE Sugar,CÔNG TY TNHH CPV FOOD,88.93899858,5.9
"Monorock, RE Sugar, Juice, Organic Sugar, Natural Rock, Functional Sugar, RS Sugar, Plant-based Milk, Brown Sugar, Invert Syrup, Caramelized","CÔNG TY TNHH DỊCH VỤ EB, CÔNG TY CỔ PHẦN TRUNG NGUYÊN FRANCHISING, CÔNG TY CỔ PHẦN SẢN XUẤT – THƯƠNG MẠI NHẬT TÂN",47.55131147,7.266666666666667
"Brown Sugar, RS Sugar, Functional Sugar, Juice, Coconut Cooking Cream, RE Sugar, Monorock",CHI NHÁNH BÌNH DƯƠNG - CÔNG TY CỔ PHẦN DỊCH VỤ THƯƠNG MẠI TỔNG HỢP WINCOMMERCE,82.4660316,9.283333333333333
"Juice, Functional Sugar, RE Sugar, Diet Sugar, Brown Sugar, Coconut Cooking Cream",CÔNG TY TNHH VÒNG TRÒN ĐỎ,46.40446489,8.083333333333334
"Juice, Plant-based Milk, RE Sugar, Invert Syrup, Functional Sugar, Organic Sugar, RS Sugar, Brown Sugar, Caramelized, Diet Sugar, Monorock",CÔNG TY TNHH DỊCH VỤ EB,9.425026826,6.3
RS Sugar,CHI NHÁNH CÔNG TY CỔ PHẦN SỮA QUỐC TẾ LOF - NHÀ MÁY SỮA LOF CỦ CHI,119.5449388,31.916666666666668
"Sugarcane Drinking Water, Juice, Caramelized, RE Sugar",LIÊN HIỆP HỢP TÁC XÃ THƯƠNG MẠI TP.HCM,34.45944326,5.916666666666667
"Brown Sugar, Coconut Cooking Cream, RE Sugar","CÔNG TY TNHH NATURE STORY, CÔNG TY CỔ PHẦN THƯƠNG MẠI BÁCH HÓA XANH",64.99226376,33.516666666666666
"Functional Sugar, Natural Rock, Brown Sugar, RE Sugar, RS Sugar, Juice, Coconut Cooking Cream, Sugarcane Drinking Water, Monorock, Invert Syrup","CÔNG TY CỔ PHẦN TRUNG TÂM THƯƠNG MẠI LOTTE VIỆT NAM - CHI NHÁNH TÂN BÌNH, LIÊN HIỆP HỢP TÁC XÃ THƯƠNG MẠI TP.HCM, CÔNG TY TNHH KAMEREO, CÔNG TY TNHH CJ CGV VIỆT NAM - CHI NHÁNH QUẬN 10, CÔNG TY TNHH THISO RETAIL, CÔNG TY TNHH SẢN XUẤT THƯƠNG MẠI NGỌC THÁI, CÔNG TY TNHH DỊCH VỤ EB",0.128027688,28.0
"Coconut Cooking Cream, RE Sugar, Brown Sugar",CÔNG TY CỔ PHẦN THƯƠNG MẠI BÁCH HÓA XANH,1250.335441,-3900.8
RE Sugar,CÔNG TY TNHH MTV MASAN HG,218.8508052,35.416666666666664
RS Sugar,CÔNG TY CỔ PHẦN MONDELEZ KINH ĐÔ VIỆT NAM,631.6594693,61.25
RE Sugar,,1351.523344,57.31666666666667
RE Sugar,CÔNG TY TNHH SẢN XUẤT TRÁI CÂY HÙNG PHÁT,124.100248,34.95
RE Sugar,CÔNG TY TNHH THẾ GIỚI VIỆT,275.0944618,60.35
"Brown Sugar, Coconut Cooking Cream, RE Sugar",CÔNG TY CỔ PHẦN THƯƠNG MẠI BÁCH HÓA XANH,223.1362663,34.6
RE Sugar,CÔNG TY TNHH SX & TM XUẤT NHẬP KHẨU GIŨA MỸ TIẾN,87.65200273,30.65
RS Sugar,CÔNG TY TNHH TRẦN QUANG VIỆT NAM,968.8611447,104.41666666666667
RE Sugar,CÔNG TY CỔ PHẦN THỰC PHẨM VÀ NƯỚC GIẢI KHÁT NAM VIỆT,71.57342683,28.9
RE Sugar,CHI NHÁNH CÔNG TY TNHH THỰC PHẨM ÁNH HỒNG,880.5161854,126.51666666666667
RE Sugar,CÔNG TY CỔ PHẦN LƯƠNG THỰC THỰC PHẨM COLUSA - MILIKET,440.9900275,33.56666666666667
RE Sugar,,106.6795768,28.0
RS Sugar,CÔNG TY TNHH MỘT THÀNH VIÊN CÔNG NGHIỆP MASAN,566.2254498,58.733333333333334
RE Sugar (IM),CÔNG TY CỔ PHẦN THỰC PHẨM VÀ NƯỚC GIẢI KHÁT PTT,101.7013504,90.15
"RS Sugar, RE Sugar","CÔNG TY CỔ PHẦN CAO LỢI HƯNG VIỆT NAM, CÔNG TY CỔ PHẦN THỰC PHẨM GN, CÔNG TY CỔ PHẦN DH FOODS - CHI NHÁNH LONG AN",146.8748016,38.18333333333333
RE Sugar,CÔNG TY TNHH MTV MASAN HG,436.1872223,90.15
RE Sugar,,931.6339756,67.01666666666667
RE Sugar,CÔNG TY TNHH PERFETTI VAN MELLE( VIỆT NAM),104.7436872,31.366666666666667
RE Sugar,CÔNG TY TNHH NESTLE VIỆT NAM,1436.45998,103.71666666666667
RE Sugar,CÔNG TY TNHH NESTLE VIỆT NAM,417.2398273,33.666666666666664
RE Sugar,CÔNG TY TNHH NESTLE VIỆT NAM,430.9002889,32.4
RE Sugar,CÔNG TY TNHH THƯƠNG MẠI THỰC PHẨM VÕ NGUYỄN,76.36384135,39.95
RS Sugar,CÔNG TY TNHH FES (VIỆT NAM),167.722651,41.833333333333336
RS Sugar,CÔNG TY TNHH TRẦN QUANG VIỆT NAM,2384.859147,129.6
"Brown Sugar, RE Sugar","CÔNG TY TNHH POUYUEN VIỆT NAM, NGUYỄN THỊ HÒA",52.45909597,7.616666666666666
"Functional Sugar, Natural Rock, RE Sugar",,41.61458534,5.616666666666666
"Brown Sugar, Functional Sugar, Caramelized",,48.81669469,5.85
"Brown Sugar, RE Sugar",CÔNG TY CỔ PHẦN JUST VIỆT,70.48400209,5.916666666666667
"Brown Sugar, Functional Sugar, Organic Sugar, Caramelized, RE Sugar, RS Sugar, Invert Syrup, Coconut Cooking Cream, Monorock, Juice, Natural Rock","LIÊN HIỆP HỢP TÁC XÃ THƯƠNG MẠI TP.HCM, CÔNG TY CỔ PHẦN KING FOOD MARKET",22.24797579,7.566666666666666
RE Sugar,,27.20373816,4.666666666666667
"Organic Sugar, Monorock, Functional Sugar, Brown Sugar, RE Sugar, Diet Sugar, RS Sugar, Coconut Cooking Cream, Juice, Natural Rock","CÔNG TY CỔ PHẦN TRUNG TÂM THƯƠNG MẠI LOTTE VIỆT NAM - CHI NHÁNH NHA TRANG, CÔNG TY CỔ PHẦN THƯƠNG MẠI BÁCH HÓA XANH, CÔNG TY TNHH MINH TUYẾT NHA TRANG, LIÊN HIỆP HỢP TÁC XÃ THƯƠNG MẠI TP.HCM",494.8634229,103.33333333333333
RE Sugar,CÔNG TY TNHH VINA FOODS KYOEI-CHI NHÁNH ĐÀ NẴNG,153.0854476,24.933333333333334
"Organic Sugar, RS Sugar, Natural Rock, RE Sugar, Invert Syrup, Juice, Functional Sugar, Monorock","CÔNG TY TNHH MM MEGA MARKET (VIỆT NAM), CÔNG TY CỔ PHẦN CÔNG NGHỆ SEN ĐỎ, CÔNG TY TNHH THỰC PHẨM & NƯỚC GIẢI KHÁT Ý TƯỞNG VIỆT",70.40748618,17.166666666666668
"Brown Sugar, RE Sugar, Juice, Functional Sugar, Diet Sugar, Monorock, RS Sugar, Invert Syrup, Organic Sugar, Plant-based Milk",CÔNG TY TNHH DỊCH VỤ EB,14.90773277,15.7
"RS Sugar, RE Sugar",CÔNG TY TNHH VIÊN GIA BẢO,13.26882732,10.483333333333333
"Juice, RS Sugar","CÔNG TY TNHH JOYCO RETAIL OPERATIONS, BƯU ĐIỆN TỈNH BÌNH PHƯỚC",92.5248013,12.733333333333333
"Functional Sugar, RS Sugar, RE Sugar","CÔNG TY CỔ PHẦN LƯƠNG THỰC THỰC PHẨM COLUSA - MILIKET, CÔNG TY TRÁCH NHIỆM HỮU HẠN MỘT THÀNH VIÊN XUYÊN Á MART, CÔNG TY CỔ PHẦN ĐẦU TƯ THƯƠNG MẠI BDN",110.1718424,14.316666666666666
"Juice, RE Sugar, RS Sugar","CÔNG TY TNHH CỬA HÀNG TIỆN LỢI GIA ĐÌNH VIỆT NAM, CÔNG TY TNHH THƯƠNG MẠI DỊCH VỤ VINH NGUYÊN",83.97986678,14.433333333333334
"Brown Sugar, RE Sugar",,43.56137863,11.7
RE Sugar,CÔNG TY CỔ PHẦN VINACAFÉ BIÊN HÒA,15.06089047,16.866666666666667
RE Sugar,CÔNG TY TNHH MTV MASAN HG,1696.395405,-3924.8
RE Sugar,CÔNG TY TNHH MTV MASAN HG,366.1139424,80.06666666666666
RE Sugar,CÔNG TY CỔ PHẦN THỰC PHẨM VÀ NƯỚC GIẢI KHÁT NAM VIỆT,27.31772499,33.03333333333333
RE Sugar,CÔNG TY CỔ PHẦN NƯỚC GIẢI KHÁT SANEST KHÁNH HÒA,108.161945,33.45
"RE Sugar, Brown Sugar, Invert Syrup, Monorock, Coconut Cooking Cream, Juice, Organic Sugar",CÔNG TY TNHH DẦU ĂN NGUYÊN PHÁT,96.43345342,44.65
RS Sugar,"CÔNG TY TRÁCH NHIỆM HỮU HẠN CHẾ BIẾN THỰC PHẨM XUẤT KHẨU VẠN ĐỨC TIỀN GIANG, CÔNG TY TNHH DỊCH VỤ EB",452.6803015,110.43333333333334
RE Sugar,CÔNG TY TNHH PURATOS GRAND-PLACE VIỆT NAM,21.08775805,20.8
RE Sugar,CÔNG TY TNHH MỘT THÀNH VIÊN CHẾ BIẾN THỰC PHẨM THỌ PHÁT,55.90033731,15.416666666666666
RE Sugar,CÔNG TY TNHH NESTLE VIỆT NAM,429.5539898,32.983333333333334
RS Sugar,CÔNG TY TNHH SẢN XUẤT VÀ THƯƠNG MẠI THỰC PHẨM TÂN VĨNH PHÁT,2.139662029,6.083333333333333
"RS Sugar, Organic Sugar, Juice, RE Sugar, Brown Sugar",CÔNG TY TNHH THƯƠNG MẠI DỊCH VỤ XUÂN HƯNG LONG,32.54019258,18.166666666666668
"Brown Sugar, RS Sugar, Monorock, Sugarcane Drinking Water, Coconut Cooking Cream","CÔNG TY TNHH MTV AN VINH HIẾU, CÔNG TY CỔ PHẦN CAO LỢI HƯNG VIỆT NAM",134.4711078,62.25
RE Sugar,,825.8367558,66.33333333333333
RE Sugar,,1257.595505,110.78333333333333
RE Sugar,,512.1376042,60.15
"Juice, Coconut Cooking Cream, Plant-based Milk, Sugarcane Drinking Water",LIÊN HIỆP HỢP TÁC XÃ THƯƠNG MẠI TP.HCM,24.86464392,110.51666666666667
RE Sugar,CÔNG TY TNHH THẾ GIỚI VIỆT,111.5121742,56.15
RE Sugar,CÔNG TY CỔ PHẦN UNIBEN,984.0951646,81.6
RE Sugar,,439.0687089,61.43333333333333
RE Sugar,,406.795325,63.06666666666667
"RE Sugar, RS Sugar","CHI NHÁNH BIÊN HÒA - CÔNG TY CỔ PHẦN CAFÉ KATINAT, CÔNG TY TNHH VIÊN GIA BẢO",12.86644811,3.3
Juice,CÔNG TY TNHH VÒNG TRÒN ĐỎ,32.33039562,3.5
"RS Sugar, Functional Sugar, RE Sugar, Monorock, Brown Sugar","LIÊN HIỆP HỢP TÁC XÃ THƯƠNG MẠI TP.HCM, CÔNG TY TNHH CJ CGV VIỆT NAM – CHI NHÁNH CANARY",32.98360494,6.166666666666667
"Brown Sugar, Functional Sugar, RE Sugar, RS Sugar","CÔNG TY TNHH KAMEREO, CÔNG TY TNHH THƯƠNG MẠI ASIAPHARMACY",65.36941063,5.9
"Organic Sugar, Juice, Sugarcane Drinking Water, Invert Syrup, RE Sugar",LIÊN HIỆP HỢP TÁC XÃ THƯƠNG MẠI TP.HCM,16.29259101,48.0
"Invert Syrup, Juice, Sugarcane Drinking Water, RS Sugar",DOANH NGHIỆP TƯ NHÂN ĐOÀN NGUYÊN,20.9993356,3.8333333333333335
RE Sugar,DOANH NGHIỆP TƯ NHÂN ĐOÀN NGUYÊN,10.93893378,3.4833333333333334
RE Sugar,CÔNG TY AJINOMOTO VIỆT NAM,154.5364525,36.56666666666667
"Functional Sugar, Juice, Invert Syrup, RE Sugar",CÔNG TY TNHH ĐẦU TƯ THƯƠNG MẠI TOÀN ĐỨC,102.5240632,46.06666666666667
RE Sugar,CÔNG TY TNHH YAKULT VIỆT NAM,911.9720261,56.333333333333336
RE Sugar,CÔNG TY TNHH RED BULL (VIỆT NAM),114.1697929,34.5
RS Sugar,CÔNG TY TNHH MỘT THÀNH VIÊN CÔNG NGHIỆP MASAN,17.65104388,13.9
RE Sugar,CÔNG TY AJINOMOTO VIỆT NAM,152.308949,34.583333333333336
RS Sugar,CHI NHÁNH CÔNG TY CỔ PHẦN SỮA QUỐC TẾ LOF - NHÀ MÁY SỮA LOF BÌNH DƯƠNG,84.58991465,38.11666666666667
RE Sugar,,420.1512726,37.38333333333333
RE Sugar,,437.338536,37.833333333333336
"RS Sugar, RE Sugar",CÔNG TY TNHH MM MEGA MARKET (VIỆT NAM),890.462959,128.35
"RS Sugar, Brown Sugar, RE Sugar","CÔNG TY CỔ PHẦN THỰC PHẨM GN, CÔNG TY TNHH CJ FOODS VIỆT NAM - CHI NHÁNH LONG AN, CHI NHÁNH CÔNG TY TNHH JOLLIBEE VIỆT NAM TẠI CẦN GIUỘC",202.5185213,-3996.8
RE Sugar,CÔNG TY TNHH THỰC PHẨM ORION VINA,89.25960602,20.033333333333335
RE Sugar,CÔNG TY TNHH MTV MASAN HG,230.4702224,34.43333333333333
RE Sugar,CÔNG TY TNHH TNI KING COFFEE,447.1616117,38.38333333333333
RE Sugar,CÔNG TY TNHH MỘT THÀNH VIÊN CHẾ BIẾN THỰC PHẨM THỌ PHÁT,66.07998353,38.63333333333333
RS Sugar,CÔNG TY TNHH TRẦN QUANG VIỆT NAM,488.0268761,33.45
RS Sugar,CÔNG TY CỔ PHẦN THỰC PHẨM QUỐC TẾ,604.7134208,59.55
RE Sugar,,398.4285749,37.46666666666667
RS Sugar (IM),,127.2551739,37.88333333333333
Coconut Cooking Cream,,111.5062761,39.28333333333333
RE Sugar,CÔNG TY TNHH MTV MASAN HG,244.1610274,36.916666666666664
Drinking Water,CÔNG TY CỔ PHẦN CHÈ THÀNH NGỌC,244.309089,56.8
RE Sugar,CÔNG TY TNHH THỦY SẢN HÒA THẮNG,205.757409,35.9
RE Sugar,CHI NHÁNH CÔNG TY TNHH NƯỚC GIẢI KHÁT SUNTORY PEPSICO VIỆT NAM TẠI TỈNH BẮC NINH,48.90068285,-231.8
RS Sugar,CÔNG TY CỔ PHẦN MARICO SOUTH EAST ASIA,0.522949687,7.583333333333333
RS Sugar,NHÀ MÁY BIBICA BIÊN HÒA – CHI NHÁNH CÔNG TY CỔ PHẦN BIBICA,122.8692471,31.283333333333335
"Monorock, Coconut Cooking Cream, RE Sugar","CÔNG TY TRÁCH NHIỆM HỮU HẠN MINH LỪNG, NGƯỜI MUA KHÔNG CUNG CẤP THÔNG TIN, CÔNG TY TNHH KẸO QUE BẢO AN",72.19250997,6.566666666666666
"Brown Sugar, Juice, Functional Sugar, Diet Sugar, Organic Sugar, Natural Rock",,41.84300881,4.5
"Functional Sugar, Drinking Water, RS Sugar, Mineral water",CHI NHÁNH CÔNG TY TNHH DU LỊCH TTC - TTC HOTEL PREMIUM - PHAN THIẾT,167.058657,5.4
"Caramelized, RE Sugar, Natural Rock, Invert Syrup, Functional Sugar, Juice, Brown Sugar, Organic Sugar, Monorock",CÔNG TY CỔ PHẦN KING FOOD MARKET,14.6096487,3.4833333333333334
"RE Sugar, RS Sugar",CÔNG TY TNHH MỘT THÀNH VIÊN N.P.P. HUY HOÀNG,31.34578043,3.966666666666667
RS Sugar,LIÊN HIỆP HỢP TÁC XÃ THƯƠNG MẠI TP.HCM,177.7759342,23.983333333333334
RS Sugar,LIÊN HIỆP HỢP TÁC XÃ THƯƠNG MẠI TP.HCM,188.4649172,24.0
RS Sugar,LIÊN HIỆP HỢP TÁC XÃ THƯƠNG MẠI TP.HCM,105.2307596,18.383333333333333
RS Sugar,CÔNG TY TNHH MỘT THÀNH VIÊN CÔNG NGHIỆP MASAN,391.7275047,63.56666666666667
RE Sugar,CÔNG TY TNHH RED BULL (VIỆT NAM),114.582185,39.0
RS Sugar,CÔNG TY TNHH URC VIỆT NAM,68.24714753,37.766666666666666
RE Sugar,CÔNG TY AJINOMOTO VIỆT NAM,149.6906815,33.61666666666667
"RE Sugar, RS Sugar, Functional Sugar, RE Sugar (IM)","CÔNG TY TNHH DỊCH VỤ EB, LIÊN HIỆP HỢP TÁC XÃ THƯƠNG MẠI TP.HCM, CÔNG TY CP CHẾ BIẾN THỰC PHẨM XUẤT KHẨU MIỀN TÂY",936.5385271,-4020.7166666666667
"Sugarcane Drinking Water, Functional Sugar, Monorock, RS Sugar, RE Sugar, Coconut Cooking Cream, Caramelized, Brown Sugar, Invert Syrup, Diet Sugar, Plant-based Milk, Juice","CÔNG TY TNHH MTV MỸ LỢI, CHI NHÁNH MỸ THO - CÔNG TY CỔ PHẦN CAFÉ KATINAT, CÔNG TY TNHH CJ CGV VIỆT NAM - CHI NHÁNH TIỀN GIANG, CÔNG TY TNHH TRƯỜNG AN PHÚ LONG",822.9552026,-4020.733333333333
RS Sugar (IM),,144.0650412,64.21666666666667
RE Sugar,CÔNG TY TNHH MTV MASAN HG,205.1505547,41.666666666666664
"RS Sugar, RE Sugar, Functional Sugar","CÔNG TY CỔ PHẦN CAO LỢI HƯNG VIỆT NAM, CÔNG TY TNHH MINISTOP VIỆT NAM",85.97757153,34.2
RE Sugar,CÔNG TY TNHH FRIESLANDCAMPINA VIỆT NAM,425.3449492,37.88333333333333
"RE Sugar, Monorock, Juice, Brown Sugar, RS Sugar",CÔNG TY TNHH GOLD BTS,15.04323178,15.583333333333334
RE Sugar,CÔNG TY TNHH NESTLE VIỆT NAM,1546.599642,-4020.766666666667
RE Sugar,,424.2969619,42.78333333333333
RE Sugar,CÔNG TY CỔ PHẦN NƯỚC GIẢI KHÁT SANEST KHÁNH HÒA,638.3256946,38.78333333333333
RE Sugar,CÔNG TY TNHH YAKULT VIỆT NAM,104.9532342,38.31666666666667
"RE Sugar (IM), RS Sugar",HỘ KINH DOANH - HẢI DƯƠNG,167.3375542,23.366666666666667
"RE Sugar, Functional Sugar, Invert Syrup, Brown Sugar, Diet Sugar",LIÊN HIỆP HỢP TÁC XÃ THƯƠNG MẠI TP.HCM,33.68160719,11.9
Invert Syrup,CÔNG TY CỔ PHẦN DỊCH VỤ CÀ PHÊ CAO NGUYÊN,94.0111049,23.383333333333333
RE Sugar,CÔNG TY TNHH MTV MASAN HG,205.1847098,35.03333333333333
RE Sugar,,415.2255324,39.65
RE Sugar,CÔNG TY TNHH NESTLE VIỆT NAM,1882.736555,-4020.733333333333
RE Sugar,,475.0150916,43.63333333333333
RE Sugar,CHI NHÁNH CÔNG TY TNHH NƯỚC GIẢI KHÁT SUNTORY PEPSICO VIỆT NAM TẠI TỈNH BẮC NINH,17.44379876,-219.5
RE Sugar,CHI NHÁNH CÔNG TY TNHH NƯỚC GIẢI KHÁT SUNTORY PEPSICO VIỆT NAM TẠI TỈNH BẮC NINH,18.0345316,-176.53333333333333
"RE Sugar, Juice",CÔNG TY TNHH MM MEGA MARKET (VIỆT NAM),27.44612807,6.4
"Functional Sugar, RE Sugar, Juice, Brown Sugar, Caramelized, RS Sugar, Natural Rock",CÔNG TY TNHH DỊCH VỤ EB,33.86036097,4.15
"Functional Sugar, Organic Sugar, RE Sugar, Invert Syrup, Monorock, Natural Rock",CÔNG TY TNHH MM MEGA MARKET (VIỆT NAM),27.52111545,6.566666666666666
RE Sugar,LIÊN HIỆP HỢP TÁC XÃ THƯƠNG MẠI TP.HCM,75.11300142,6.6
"RS Sugar, Brown Sugar, RE Sugar","CÔNG TY TNHH THƯƠNG MẠI THOẠI AN, CÔNG TY TRÁCH NHIỆM HỮU HẠN VINA FOODS KYOEI",97.89684266,9.683333333333334
RE Sugar,CÔNG TY CỔ PHẦN THỰC PHẨM CHOLIMEX,44.9020773,24.116666666666667
"RE Sugar, Organic Sugar, RS Sugar, Brown Sugar, Bar Sugar, Juice, Coconut Cooking Cream, Functional Sugar, Plant-based Milk, Diet Sugar, Natural Rock, Invert Syrup, Monorock, Mineral water, Caramelized, Sugarcane Drinking Water","LIÊN HIỆP HỢP TÁC XÃ THƯƠNG MẠI TP.HCM, CÔNG TY TNHH MINH TUYẾT NHA TRANG, CÔNG TY TNHH THƯƠNG MẠI MINH DƯỢC, CÔNG TY TNHH DU LỊCH TTC, CHI NHÁNH NHA TRANG - CÔNG TY CỔ PHẦN CAFÉ KATINAT",452.2919249,48.733333333333334
RS Sugar,CÔNG TY TNHH MỘT THÀNH VIÊN CÔNG NGHIỆP MASAN,401.3518602,58.21666666666667
RE Sugar,CÔNG TY CỔ PHẦN VINACAFÉ BIÊN HÒA,12.70895372,16.366666666666667
RS Sugar,CÔNG TY CỔ PHẦN MONDELEZ KINH ĐÔ VIỆT NAM,660.14533,57.8
RE Sugar,CÔNG TY TNHH FRIESLANDCAMPINA VIỆT NAM,1885.005398,-4040.733333333333
RE Sugar,CÔNG TY TNHH FRIESLANDCAMPINA VIỆT NAM,552.9588476,45.38333333333333
Sugarcane Drinking Water,CÔNG TY CỔ PHẦN CHÈ THÀNH NGỌC,101.2159403,32.9
"Coconut Cooking Cream, Juice, RS Sugar",CÔNG TY TNHH THÁI MỸ HƯƠNG,7.531682997,10.083333333333334
"Monorock, Functional Sugar, RE Sugar, Juice, RS Sugar, Brown Sugar, Invert Syrup, Caramelized, Diet Sugar",CÔNG TY TNHH DẦU ĂN NGUYÊN PHÁT,12.48176333,40.266666666666666
"Functional Sugar, Coconut Cooking Cream, Brown Sugar, RS Sugar, RE Sugar, Invert Syrup, Monorock, Diet Sugar, Natural Rock, Caramelized, Organic Sugar","CÔNG TY CỔ PHẦN TRUNG TÂM THƯƠNG MẠI LOTTE VIỆT NAM - CHI NHÁNH CẦN THƠ, CHI NHÁNH CẦN THƠ - CÔNG TY CỔ PHẦN DỊCH VỤ THƯƠNG MẠI TỔNG HỢP WINCOMMERCE, CÔNG TY TNHH MỘT THÀNH VIÊN THƯƠNG MẠI- DƯỢC PHẨM VIỆT NGỌC, CÔNG TY TNHH DỊCH VỤ EB, HỘ KINH DOANH HƯƠNG SEN",504.523434,-4044.7
RS Sugar,CÔNG TY TNHH MỘT THÀNH VIÊN CÔNG NGHIỆP MASAN,357.5475694,57.166666666666664
RE Sugar,CÔNG TY TNHH RED BULL (VIỆT NAM),114.4423841,39.166666666666664
Invert Syrup,CHI NHÁNH CÔNG TY CỔ PHẦN DỊCH VỤ CÀ PHÊ CAO NGUYÊN,36.059131,64.7
RE Sugar,CHI NHÁNH CÔNG TY TNHH NƯỚC GIẢI KHÁT SUNTORY PEPSICO VIỆT NAM TẠI TỈNH BẮC NINH,0.007783645,1.0
RE Sugar,CHI NHÁNH CÔNG TY TNHH NƯỚC GIẢI KHÁT SUNTORY PEPSICO VIỆT NAM TẠI TỈNH BẮC NINH,21.3113485,-173.75
"Coconut Cooking Cream, RE Sugar","NGƯỜI MUA KHÔNG CUNG CẤP THÔNG TIN, CÔNG TY TNHH SẢN XUẤT THƯƠNG MẠI KẸO ÁNH DƯƠNG",65.34731562,6.383333333333334
"RE Sugar, Monorock, RS Sugar, Invert Syrup, Brown Sugar","PHÒNG BRAND MARKETING, CÔNG TY TNHH TMDV HẢI VÂN FOOD",38.23936483,5.566666666666666
RE Sugar,CÔNG TY CỔ PHẦN PHÚC LONG HERITAGE,47.45675064,6.8
"Brown Sugar, Organic Sugar, Invert Syrup, RE Sugar, Diet Sugar, Monorock",CÔNG TY TNHH DỊCH VỤ EB,16.31315581,3.5166666666666666
RE Sugar,CÔNG TY CỔ PHẦN THỰC PHẨM CHOLIMEX,36.31770224,51.86666666666667
"Juice, Sugarcane Drinking Water",,48.83326229,20.333333333333332
"Juice, RE Sugar, Monorock",,51.37110974,20.3
"Natural Rock, Invert Syrup, Juice, Coconut Cooking Cream, Diet Sugar, Functional Sugar, RS Sugar, Brown Sugar, Monorock, Organic Sugar","LIÊN HIỆP HỢP TÁC XÃ THƯƠNG MẠI TP.HCM, CÔNG TY TNHH TÂN NHIÊN",148.8254258,20.45
"RE Sugar, Functional Sugar, Brown Sugar, RS Sugar, Organic Sugar, Juice, Diet Sugar, Invert Syrup, Natural Rock, Caramelized, Monorock",CÔNG TY TNHH DỊCH VỤ EB,53.19021346,22.4
"Functional Sugar, RE Sugar, Juice, Caramelized, Invert Syrup, Monorock, RS Sugar, Brown Sugar, Diet Sugar, Organic Sugar, Natural Rock",CÔNG TY TNHH DỊCH VỤ EB,70.73511176,22.216666666666665
"RS Sugar, RE Sugar, Monorock","CHI NHÁNH CÔNG TY TNHH JOLLIBEE VIỆT NAM TẠI CẦN GIUỘC, CÔNG TY CỔ PHẦN THỰC PHẨM GN, CHI NHÁNH TẠI LONG AN - CÔNG TY TNHH QUỐC TẾ COBI",111.0557445,33.9
RS Sugar,CÔNG TY TNHH MỘT THÀNH VIÊN CÔNG NGHIỆP MASAN,13.39095279,33.416666666666664
RE Sugar,CÔNG TY TNHH RED BULL (VIỆT NAM),113.9882584,32.56666666666667
"RS Sugar, RE Sugar",CÔNG TY TRÁCH NHIỆM HỮU HẠN RICH PRODUCTS VIỆT NAM,66.06709768,46.0
RS Sugar,CHI NHÁNH CÔNG TY CỔ PHẦN SỮA QUỐC TẾ LOF - NHÀ MÁY SỮA LOF BÌNH DƯƠNG,355.8110593,-4068.6833333333334
RE Sugar,CÔNG TY TNHH MTV MASAN HG,224.6796119,35.35
RS Sugar,CHI NHÁNH CÔNG TY TNHH THỰC PHẨM ÁNH HỒNG,196.5025916,15.333333333333334
RS Sugar,NHÀ MÁY BIBICA BIÊN HÒA – CHI NHÁNH CÔNG TY CỔ PHẦN BIBICA,120.4376442,39.1
RE Sugar,CÔNG TY TNHH PERFETTI VAN MELLE( VIỆT NAM),135.7695589,37.18333333333333
"RS Sugar, RE Sugar","CÔNG TY TNHH MTV TMDV CHẾ BIẾN TP ĐỨC LINH, CÔNG TY CỔ PHẦN SẢN XUẤT THƯƠNG MẠI XUẤT NHẬP KHẨU CÀ PHÊ NAPOLI",942.5688447,-4068.6833333333334
"Natural Rock, Invert Syrup, Diet Sugar, Caramelized, RE Sugar, Brown Sugar, Coconut Cooking Cream, RS Sugar, Juice, Functional Sugar, Sugarcane Drinking Water, Monorock, Organic Sugar, Bar Sugar","CÔNG TY TNHH DỊCH VỤ EB, CÔNG TY TNHH TM BẢO HÂN SA ĐÉC, DOANH NGHIỆP TƯ NHÂN TÂM PHƯỢNG",683.5213494,-4068.65
RS Sugar,CÔNG TY TNHH TRẦN QUANG VIỆT NAM,988.9030269,109.83333333333333
RE Sugar,CÔNG TY TNHH YAKULT VIỆT NAM,441.0745479,38.166666666666664
RE Sugar,CHI NHÁNH CÔNG TY CỔ PHẦN TẬP ĐOÀN TRUNG NGUYÊN - NHÀ MÁY CÀ PHÊ SÀI GÒN,453.5461767,34.71666666666667
RE Sugar (IM),CÔNG TY CỔ PHẦN NOSAFOOD,93.23018905,37.81666666666667
RE Sugar,,735.8897154,55.95
RE Sugar,CÔNG TY CỔ PHẦN THỰC PHẨM VÀ NƯỚC GIẢI KHÁT NAM VIỆT,112.9255976,-4068.7
RE Sugar,CÔNG TY TNHH NESTLÉ VIỆT NAM,333.4243298,33.03333333333333
RE Sugar,CHI NHÁNH CÔNG TY CỔ PHẦN TẬP ĐOÀN TRUNG NGUYÊN - NHÀ MÁY CÀ PHÊ SÀI GÒN,420.9762946,34.8
RS Sugar,CÔNG TY TNHH MỘT THÀNH VIÊN CÔNG NGHIỆP MASAN,449.225043,57.56666666666667
RE Sugar,CÔNG TY CỔ PHẦN XUẤT NHẬP KHẨU BẾN TRE,290.2267283,39.81666666666667
RE Sugar,CÔNG TY CỔ PHẦN NƯỚC GIẢI KHÁT SANEST KHÁNH HÒA,107.2595749,57.666666666666664
"Brown Sugar, RE Sugar","CÔNG TY TNHH POUYUEN VIỆT NAM, CÔNG TY CỔ PHẦN SẢN XUẤT THỰC PHẨM ANH KIM, CÔNG TY CỔ PHẦN D- AROMATICS",101.5438322,9.933333333333334
RE Sugar,CÔNG TY TNHH NHÀ MÁY BIA HEINEKEN VIỆT NAM,47.03749959,28.333333333333332
"Monorock, RS Sugar, RE Sugar",CÔNG TY TNHH VIÊN GIA BẢO,13.61522837,6.016666666666667
"Coconut Cooking Cream, Bar Sugar, Monorock, Diet Sugar, RS Sugar",CÔNG TY TNHH VIÊN GIA BẢO,20.82962759,6.033333333333333
"Juice, Functional Sugar, Brown Sugar, Monorock, Organic Sugar, Diet Sugar, RE Sugar, Natural Rock, Caramelized, RS Sugar, Invert Syrup",CÔNG TY TNHH DỊCH VỤ EB,152.638216,17.666666666666668
RS Sugar,CÔNG TY TNHH PM HOME,98.81208512,15.65
"RE Sugar, Brown Sugar, Organic Sugar, Coconut Cooking Cream","CÔNG TY CỔ PHẦN CAFÉ KATINAT, CÔNG TY TNHH PM HOME",150.2555958,16.75
"Juice, RS Sugar, RE Sugar, Functional Sugar, Brown Sugar","CÔNG TY TNHH DỊCH VỤ EB, CÔNG TY TNHH VIÊN GIA BẢO",59.56915316,27.35
"Organic Sugar, Brown Sugar, RE Sugar, Juice, Diet Sugar, Caramelized, Monorock, Functional Sugar","CÔNG TY CỔ PHẦN TRUNG TÂM THƯƠNG MẠI LOTTE VIỆT NAM - CHI NHÁNH BÌNH DƯƠNG, CÔNG TY TNHH VIÊN GIA BẢO",54.92846841,17.733333333333334
"Juice, RE Sugar","CÔNG TY TRÁCH NHIỆM HỮU HẠN TMDV XĂNG DẦU CHÂU THÀNH, CHI NHÁNH CÔNG TY TNHH HÙNG ÁNH DƯƠNG - HỦ TIẾU MỰC ÔNG GIÀ CA LI, CÔNG TY TNHH DỤ ĐỨC VIỆT NAM",130.1780354,15.383333333333333
RE Sugar,CÔNG TY TNHH MTV MASAN HG,222.9635996,33.833333333333336
RS Sugar,CÔNG TY TNHH THỰC PHẨM ORION VINA,676.048976,86.9
RE Sugar,CÔNG TY TNHH THỰC PHẨM ORION VINA,127.6481491,82.16666666666667
RS Sugar,,644.9734854,76.0
RS Sugar,,584.7988753,76.0
RS Sugar,CHI NHÁNH CÔNG TY TNHH JOLLIBEE VIỆT NAM TẠI CẦN GIUỘC,92.9494239,37.95
"RS Sugar, RE Sugar, Brown Sugar",,56.10704301,28.0
"RE Sugar, RS Sugar","CÔNG TY TNHH TRƯỜNG AN PHÚ LONG, CÔNG TY TNHH THƯƠNG MẠI SẢN XUẤT DINH DƯỠNG THỰC PHẨM LFOOD",148.2709432,-4097.1
RE Sugar,CÔNG TY TNHH ROYAL FOODS VIỆT NAM,580.4745232,-4092.65
RE Sugar,CHI NHÁNH CÔNG TY TNHH THỰC PHẨM ÁNH HỒNG,199.152739,-4092.65
RS Sugar,,1114.46957,76.0
RS Sugar,,764.9314693,76.0
RS Sugar,,517.1428233,76.0
RE Sugar,CÔNG TY TNHH MTV NGỌC TUẤN CỬA TÙNG,226.8010254,34.15
RS Sugar,CÔNG TY CỔ PHẦN THỰC PHẨM ĐÔNG LẠNH KIDO,610.9526506,73.33333333333333
RS Sugar,CÔNG TY TNHH TRẦN QUANG VIỆT NAM,433.1806117,33.45
"Brown Sugar, Functional Sugar",HỘ KINH DOANH THỰC PHẨM PHẠM THỊ NGUYỆT,49.25579649,4.066666666666666
"RE Sugar, Brown Sugar, Functional Sugar, Sugarcane Drinking Water, Juice, RS Sugar, Monorock, Coconut Cooking Cream, Caramelized","CÔNG TY TNHH DỊCH VỤ EB, CÔNG TY TRÁCH NHIỆM HỮU HẠN THƯƠNG MẠI VP, CÔNG TY TRÁCH NHIỆM HỮU HẠN LAM NGỌC",508.5265973,69.26666666666667
"Juice, Coconut Cooking Cream",,120.4623894,52.0
"RS Sugar, Brown Sugar, Coconut Cooking Cream, Caramelized, Functional Sugar, Diet Sugar, Monorock, Organic Sugar, Invert Syrup, Natural Rock, RE Sugar","CÔNG TY TNHH DỊCH VỤ EB, CÔNG TY TNHH MTV HƯNG THUẬN TV",347.3402939,-4116.616666666667
RS Sugar,CÔNG TY TNHH TRẦN QUANG VIỆT NAM,547.3048212,56.78333333333333
RE Sugar,CÔNG TY TNHH XNK DALU SURIMI,164.2285426,42.733333333333334
RS Sugar,CÔNG TY TNHH MỘT THÀNH VIÊN CÔNG NGHIỆP MASAN,36.97830042,58.5
RE Sugar,CÔNG TY CỔ PHẦN ACECOOK VIỆT NAM,569.3592236,-4120.033333333334
RE Sugar,CÔNG TY CỔ PHẦN MÁ 6,51.33201243,5.5
RS Sugar,CÔNG TY TNHH THƯƠNG MẠI DỊCH VỤ SẢN XUẤT CHÀ BÔNG VIỆT,100.5565299,24.0
"RS Sugar, RE Sugar","CÔNG TY TNHH THƯƠNG MẠI DỊCH VỤ SẢN XUẤT CHÀ BÔNG VIỆT, CÔNG TY CỔ PHẦN MÁ 6",79.39812727,5.483333333333333
"Functional Sugar, RS Sugar, RE Sugar, Organic Sugar, Caramelized, Brown Sugar, Monorock",CÔNG TY TNHH DỊCH VỤ EB,74.11575876,6.716666666666667
"RS Sugar, Juice, Organic Sugar, RE Sugar, Sugarcane Drinking Water, Functional Sugar, Natural Rock, Invert Syrup, Brown Sugar","LIÊN HIỆP HỢP TÁC XÃ THƯƠNG MẠI TP.HCM, CÔNG TY TNHH DỊCH VỤ EB",29.67043834,10.1
RE Sugar,CÔNG TY CỔ PHẦN NƯỚC GIẢI KHÁT SANEST KHÁNH HÒA,673.5980915,-4136.8
RE Sugar,CHI NHÁNH CÔNG TY TNHH NƯỚC GIẢI KHÁT SUNTORY PEPSICO VIỆT NAM TẠI TỈNH BẮC NINH,38.68770807,-129.45
RE Sugar,CÔNG TY TNHH NESTLE VIỆT NAM,127.7336973,-3417.1833333333334
RE Sugar,CÔNG TY TNHH NESTLE VIỆT NAM,0.020808112,-3417.133333333333
"Juice, RE Sugar, Invert Syrup, Functional Sugar, RS Sugar, Natural Rock, Coconut Cooking Cream, Brown Sugar, Organic Sugar, Plant-based Milk, Monorock, Caramelized, Diet Sugar","CÔNG TY TNHH DỊCH VỤ EB, LIÊN HIỆP HỢP TÁC XÃ THƯƠNG MẠI TP.HCM, CÔNG TY CỔ PHẦN TRUNG TÂM THƯƠNG MẠI LOTTE VIỆT NAM - CHI NHÁNH NHA TRANG",518.5837205,-3424.1666666666665
"RE Sugar, Natural Rock, Functional Sugar, RS Sugar, Organic Sugar, Monorock","CÔNG TY TNHH DỊCH VỤ EB, CÔNG TY TNHH TRƯỜNG AN PHÚ LONG",226.2611809,-4163.016666666666
"Brown Sugar, Monorock, Functional Sugar, Bar Sugar, RS Sugar, RE Sugar, Coconut Cooking Cream",CÔNG TY TNHH HỮU ĐOÀN,26.24909936,13.183333333333334
"RE Sugar, RS Sugar","CÔNG TY CỔ PHẦN THỰC PHẨM CÁT HẢI, CÔNG TY TNHH KINH LÂM",63.02141593,21.283333333333335
RS Sugar,CÔNG TY TNHH MỘT THÀNH VIÊN CÔNG NGHIỆP MASAN,578.2443747,-3421.15
"Plant-based Milk, Juice",,210.7886715,-4172.0
RE Sugar,CÔNG TY TNHH MTV MASAN HG,225.924187,-4166.133333333333
RE Sugar,CÔNG TY TNHH NESTLE VIỆT NAM,435.9329915,-4163.816666666667
RE Sugar,CÔNG TY TNHH FRIESLANDCAMPINA VIỆT NAM,4.411371764,-4160.75
RE Sugar,CÔNG TY CỔ PHẦN NƯỚC GIẢI KHÁT SANEST KHÁNH HÒA,127.0922498,-4165.916666666667
RE Sugar,CÔNG TY TNHH FRIESLANDCAMPINA VIỆT NAM,673.5980915,-4160.8
RE Sugar,CHI NHÁNH CÔNG TY TNHH NƯỚC GIẢI KHÁT SUNTORY PEPSICO VIỆT NAM TẠI ĐỒNG NAI,164.7599381,-4166.866666666667
RE Sugar,CÔNG TY TNHH NESTLE VIỆT NAM,145.9459172,-3417.266666666667
RE Sugar,CÔNG TY TNHH NESTLE VIỆT NAM,52.34310714,-3417.266666666667
RE Sugar (IM),CÔNG TY TNHH SẢN XUẤT & THƯƠNG MẠI CRYSTAL VIỆT NAM,22.4487706,-4160.283333333334
"RE Sugar, RE Sugar (IM)",NGUYỄN MINH HÒA,2.712802902,2.716666666666667
RE Sugar,CÔNG TY TNHH VHEALTHY,19.13844451,4.433333333333334
"Invert Syrup, RS Sugar","CÔNG TY TNHH TMDV HẢI VÂN FOOD, CÔNG TY TNHH THỰC PHẨM LONG PHƯỚC",126.9406284,6.166666666666667
RS Sugar,CÔNG TY TNHH LOTUS HEALTHY FOOD,53.82399674,5.6
"Functional Sugar, Juice, Coconut Cooking Cream, Monorock, Brown Sugar, Invert Syrup",CÔNG TY TNHH TIÊN PHONG 365,69.4777495,4.5
"Brown Sugar, RE Sugar",CÔNG TY TNHH TIÊN PHONG 365,52.69463382,7.466666666666667
RS Sugar,CÔNG TY TNHH PETER NGUYỄN,80.08248656,7.866666666666666
"RE Sugar, Coconut Cooking Cream, Caramelized, Monorock, Organic Sugar, Invert Syrup, Functional Sugar, Natural Rock, Brown Sugar",CÔNG TY CỔ PHẦN KING FOOD MARKET,18.39573268,5.9
"RE Sugar, RS Sugar",CÔNG TY TNHH VIÊN GIA BẢO,16.76105405,-4180.716666666666
